Input.target1,Input.top1,Input.top2,Input.top3,Input.top4,Input.top5,Input.top6,Input.top7,Input.top8,Input.top9,Input.top10,Input.top11,Input.top12,Input.top13,Input.top14,HITId,top1,top2,top3,top4,top5,top6,top7,top8,top9,top10,top11,top12,top13,top14
B007P7CNYM.jpg,B000FCY9XM.jpg,B000FCY9XM.jpg,B0097IX9NQ.jpg,B00316G2DE.jpg,B009D3M86O.jpg,B009OCNXE0.jpg,B006UAPPP4.jpg,B007V0B9UC.jpg,B009QOHBUI.jpg,B004QVWTHQ.jpg,B006GHAY4S.jpg,B002Z7ETL2.jpg,B005X4RALA.jpg,B008ATH59C.jpg,3511RHPAEAYG62FGGK58WAKMPR5RLG,False,False,False,False,False,False,False,False,False,False,False,False,False,False
B007H12PCG.jpg,B0099DCINQ.jpg,B00C12LOZU.jpg,B00C12LOZU.jpg,B008SOEUGK.jpg,B007V0B9UC.jpg,B006UAPPP4.jpg,B008AIKMD4.jpg,B008AIKMD4.jpg,B0092PKPKE.jpg,B00B50Y9CO.jpg,B00D8YT7LS.jpg,B002Z7ETL2.jpg,B007WPHLTE.jpg,B009C6OMMK.jpg,391JB9X40DSEPGK6QCXQVBDXU41MKK,False,True,False,True,True,False,False,False,False,False,False,False,False,False
B007FDYS62.jpg,B007ECAZPM.jpg,B00378LCPE.jpg,B00378LCPE.jpg,B00AFDIN42.jpg,B009D3M86O.jpg,B009OCNXE0.jpg,B00DWPDCGY.jpg,B009CQNT6U.jpg,B00DO9M2VE.jpg,B008AEEMYS.jpg,B00BYFESVM.jpg,B005GYSR64.jpg,B00DMEFORK.jpg,B005GT2DUK.jpg,3EKTG13I09NP9M2OBC9RABQCJ46MLN,True,False,False,False,False,False,False,False,False,False,False,False,False,False
B008MZS5Y8.jpg,B007ZDYK2E.jpg,B0084ZS2YO.jpg,B003JH7YJ6.jpg,B007V0B9UC.jpg,B006UAPPP4.jpg,B008AIKMD4.jpg,B0092PKPKE.jpg,B005CMMWYI.jpg,B007HZAFSI.jpg,B009D3M86O.jpg,B006GHAY4S.jpg,B008ATH59C.jpg,B005X4RALA.jpg,B00740W2VY.jpg,3ZQX1VYFUSPIUI3HU3F0XATBU4MO8I,False,False,False,False,False,False,True,False,True,True,False,True,False,False
B00C2MGB6G.jpg,B0082C616K.jpg,B009VUUMBW.jpg,B00C1RFQA4.jpg,B00AODCC9U.jpg,B006P044VU.jpg,B004CHGS2G.jpg,B002Z7ETL2.jpg,B002Z7ETL2.jpg,B00DEPBDBI.jpg,B00ABSUHMC.jpg,B008QW7GOW.jpg,B006GHAY4S.jpg,B008ATH59C.jpg,B005X4RALA.jpg,3R4QIDVOK4WDRS0JDSY4K8VJ15EEE3,False,False,True,False,False,False,False,False,True,False,False,False,True,False
B004ISKT38.jpg,B0076OCNJE.jpg,B00466ICP4.jpg,B00763VKX0.jpg,B007V0B9UC.jpg,B00AODCC9U.jpg,B00A7DWWAQ.jpg,B007WPHLTE.jpg,B0094DGGR0.jpg,B008AEDVTU.jpg,B008BHSSMG.jpg,B00BYFESVM.jpg,B005GYSR64.jpg,B00DMEFORK.jpg,B0080E53WI.jpg,39N6W9XWSS79HBD1JO0MRE8BWXYYGJ,True,False,False,False,False,True,False,False,False,False,False,False,True,False
B00BJGVXNW.jpg,B004CHGS2G.jpg,B0091QSKHE.jpg,B00AWM5REK.jpg,B00AODCC9U.jpg,B006P044VU.jpg,B00A7DWWAQ.jpg,B002Z7ETL2.jpg,B002Z7ETL2.jpg,B009YLJWUK.jpg,B006O39V3Y.jpg,B00F4O129A.jpg,B006GHAY4S.jpg,B005X4RALA.jpg,B008ATH59C.jpg,3QGHA0EA1YK91PAQO1QK56WY5C6WB1,False,False,False,False,False,False,False,False,False,True,False,False,False,False
B0097JITVM.jpg,B00E0OSMS4.jpg,B00A7Z5MKQ.jpg,B00EUGDI5O.jpg,B009D3M86O.jpg,B009OCNXE0.jpg,B009AZRPRM.jpg,B006UAPPP4.jpg,B007WA3RBK.jpg,B003ILC99S.jpg,B0062OUFZ8.jpg,B002Z7ETL2.jpg,B006GHAY4S.jpg,B008AIKMD4.jpg,B005X4RALA.jpg,3I4E7AFQ3ZJNRR48HOYQGA8C9NXJTJ,True,False,False,False,False,False,False,False,False,False,False,False,False,False
B009817FR8.jpg,B006UAPPP4.jpg,B00DRIKVDI.jpg,B00DVFJ2UK.jpg,B009D3M86O.jpg,B009OCNXE0.jpg,B00DWPDCGY.jpg,B00466IEVG.jpg,B00655A1TE.jpg,B00968D8ZG.jpg,B004I3UFKK.jpg,B006GHAY4S.jpg,B008ATH59C.jpg,B005X4RALA.jpg,B002Z7ETL2.jpg,3XUY87HIW4Y9F4K9BOA6AO51J9WMMP,False,False,False,False,False,False,False,False,False,False,False,False,False,False
B006QKKVZM.jpg,B007ECAZPM.jpg,B007VP2AIC.jpg,B004MW4Y9A.jpg,B006P044VU.jpg,B00AODCC9U.jpg,B004CHGS2G.jpg,B0091QSKHE.jpg,B008AEEMYS.jpg,B008BHSSMG.jpg,B008SOOLGE.jpg,B00BYFESVM.jpg,B005GYSR64.jpg,B00DMEFORK.jpg,B005GT2DUK.jpg,38LRF35D60GR6QH8E8WD5ZDPW4IU39,False,True,False,False,False,False,True,False,True,False,False,False,False,False
B00B7Q9ZDO.jpg,B0091GQUE4.jpg,B00AO3SNGQ.jpg,B00AO3SNGQ.jpg,B00ARAY3OC.jpg,B007V0B9UC.jpg,B006UAPPP4.jpg,B007WPHLTE.jpg,B008AIKMD4.jpg,B008AIKMD4.jpg,B008BHSSMG.jpg,B00BL9CN0E.jpg,B006GHAY4S.jpg,B002Z7ETL2.jpg,B005X4RALA.jpg,3OB6JN3AA590CKX1GW6NWNZBPWVRMI,False,False,False,False,False,False,False,False,False,False,False,False,False,False
B00AEMHDIG.jpg,B00A2G31AS.jpg,B0098XU33E.jpg,B0089DLVNA.jpg,B00AODCC9U.jpg,B006P044VU.jpg,B004CHGS2G.jpg,B002Z7ETL2.jpg,B009QMD6UY.jpg,B008QZEOWG.jpg,B007UYY43I.jpg,B005GYSR64.jpg,B005GT2DUK.jpg,B00DMEFORK.jpg,B00BYFESVM.jpg,3EHIMLB7GMJ821HUQQKAD1WAII8H8N,False,False,True,False,False,False,False,False,False,False,False,False,False,False
B005O0PARY.jpg,B003ILIR4E.jpg,B00AFR9G2Q.jpg,B007VU22WQ.jpg,B009D3M86O.jpg,B009OCNXE0.jpg,B009CQNT6U.jpg,B00DWPDCGY.jpg,B00CWSNY24.jpg,B00CQSPPLS.jpg,B00DP6SWJW.jpg,B005GYSR64.jpg,B005GT2DUK.jpg,B00DMEFORK.jpg,B008BG6R0W.jpg,3SR6AEG6XKDNH78C3UI4CEKCBXBYHI,False,False,False,False,False,False,False,False,False,False,False,True,False,False
B00B8PYBII.jpg,B008VIQTZS.jpg,B00A7Z5MKQ.jpg,B00AYXA3U0.jpg,B007V0B9UC.jpg,B006UAPPP4.jpg,B007WPHLTE.jpg,B008AIKMD4.jpg,B007WA3RBK.jpg,B006ZWEMWE.jpg,B0094KQ1NC.jpg,B006GHAY4S.jpg,B008ATH59C.jpg,B005X4RALA.jpg,B002Z7ETL2.jpg,3X52SWXE1CPSBU2W21MFGQ2GNX6WC8,False,False,True,False,False,False,False,False,False,False,False,False,True,True
B006OR8A6E.jpg,B00CBMO7JA.jpg,B008HW2UT2.jpg,B004U4R8IE.jpg,B00AODCC9U.jpg,B006P044VU.jpg,B004CHGS2G.jpg,B002Z7ETL2.jpg,B008BHSSMG.jpg,B00AO3SNGQ.jpg,B00AHOYKVO.jpg,B005GYSR64.jpg,B005GT2DUK.jpg,B00DMEFORK.jpg,B00CLV8QQ6.jpg,3MQKOF1EFH82GM8A2XHQ0WKY8XIWD8,False,False,False,False,False,False,False,False,False,False,False,False,False,False
B003I62TM0.jpg,B00BNH31AU.jpg,B00BJ75S8C.jpg,B006CR20VW.jpg,B007V0B9UC.jpg,B006UAPPP4.jpg,B009OCNXE0.jpg,B009D3M86O.jpg,B00BL9CN0E.jpg,B00COPGWRO.jpg,B0082BI7WC.jpg,B00BYFESVM.jpg,B0080E53WI.jpg,B002DMJQTE.jpg,B005GYSR64.jpg,3DFYDSXB3BK2R4JXHTO0L6UES14JUA,False,False,False,False,False,True,False,False,False,False,False,True,False,False
B007E66P9I.jpg,B0063TUIB8.jpg,B00E0OSMS4.jpg,B004LKRWRY.jpg,B007V0B9UC.jpg,B007WPHLTE.jpg,B007WPHLTE.jpg,B00A7DWWAQ.jpg,B008AIKMD4.jpg,B008AIKMD4.jpg,B00DO9M2VE.jpg,B0094KQ1NC.jpg,B006GF739E.jpg,B005GYSR64.jpg,B008BG6R0W.jpg,3SA4EMRVKAMIXTAFEZF0TVSJLB70PP,False,False,False,False,False,False,False,False,False,False,False,False,False,False
B00C6PP86S.jpg,B0052B66GY.jpg,B005GPQLO8.jpg,B00C6PP86S.jpg,B00AODCC9U.jpg,B007V0B9UC.jpg,B00A7DWWAQ.jpg,B0076OEBY4.jpg,B00BV3WNCI.jpg,B006G35WJY.jpg,B008VIV02K.jpg,B002Z7ETL2.jpg,B006GHAY4S.jpg,B008AIKMD4.jpg,B005X4RALA.jpg,3YGYP1365GT6U2I1SXLN92OBUM5RNI,False,False,False,False,False,True,False,False,False,False,False,False,False,False
B00FP87XX4.jpg,B007ZDYK2E.jpg,B005FSIX5G.jpg,B0084ZS2YO.jpg,B007V0B9UC.jpg,B00A7DWWAQ.jpg,B00AODCC9U.jpg,B007WPHLTE.jpg,B002YX0KZ6.jpg,B005F32V6I.jpg,B005917FDA.jpg,B00BYFESVM.jpg,B005GYSR64.jpg,B00DMEFORK.jpg,B005GT2DUK.jpg,3OZ4VAIBFCZ24J8XMJY5HSWX68DJVZ,False,True,False,False,False,False,True,False,False,False,True,False,False,False
B0089XW7OC.jpg,B0084ZS2YO.jpg,B003JH7YJ6.jpg,B00CGYK5K8.jpg,B00AODCC9U.jpg,B006P044VU.jpg,B004CHGS2G.jpg,B002Z7ETL2.jpg,B002Z7ETL2.jpg,B0072NLS9U.jpg,B0056F25J8.jpg,B008AEEHA2.jpg,B006GHAY4S.jpg,B005X4RALA.jpg,B008ATH59C.jpg,37ZQELHERFIFXM59NPP6N3U1OZ6MNP,False,True,False,False,False,False,True,False,False,False,False,True,False,False
B00DSSHIX8.jpg,B005FSIX5G.jpg,B007ZDYK2E.jpg,B0084ZS2YO.jpg,B007V0B9UC.jpg,B007WPHLTE.jpg,B00A7DWWAQ.jpg,B008AIKMD4.jpg,B005917FDA.jpg,B008VFX1IE.jpg,B0075AV660.jpg,B005GYSR64.jpg,B005GT2DUK.jpg,B00DMEFORK.jpg,B008BG6R0W.jpg,3LXX8KJXQBTI8NMRZVLEX6OMEA4O97,False,False,False,False,True,False,False,False,False,True,False,False,False,False
B006WAQ3TE.jpg,B00AIIQLNO.jpg,B005WNQOQ4.jpg,B0073DLNE4.jpg,B007V0B9UC.jpg,B006UAPPP4.jpg,B009D3M86O.jpg,B009OCNXE0.jpg,B002VECPU6.jpg,B00EZW2J8A.jpg,B00CLDVNSC.jpg,B00BYFESVM.jpg,B005GYSR64.jpg,B0080E53WI.jpg,B002DMJQTE.jpg,3KQC8JMJHRCM14BOE9PEMKOZ2WH3HI,True,False,False,False,False,False,False,False,True,False,False,False,False,False
B0080DKT9G.jpg,B00BV46E9K.jpg,B00CQ9U2UQ.jpg,B007904PDM.jpg,B007V0B9UC.jpg,B006UAPPP4.jpg,B0092PKPKE.jpg,B008AIKMD4.jpg,B0094DGGR0.jpg,B005X4RALA.jpg,B005X4RALA.jpg,B00C3NG8RQ.jpg,B006GHAY4S.jpg,B008ATH59C.jpg,B00740W2VY.jpg,3WRKFXQBPQRND2JW9C0PCQLRBAQYIB,False,False,False,False,False,False,False,False,False,False,True,True,False,False
B007HI6KPM.jpg,B007ZDYK2E.jpg,B00E6RBFFC.jpg,B00E6RBFFC.jpg,B00DVFJ2UK.jpg,B00AODCC9U.jpg,B006P044VU.jpg,B004CHGS2G.jpg,B002Z7ETL2.jpg,B002Z7ETL2.jpg,B00A3EZC4M.jpg,B00C7BSFX4.jpg,B008AIKMD4.jpg,B007WPHLTE.jpg,B009C6OMMK.jpg,385MDVINGRZFJ882CT313UFBDHFJW9,False,True,True,False,False,False,False,False,False,False,False,False,False,False
B008D5AYOG.jpg,B00A784UKG.jpg,B008AIKMD4.jpg,B008AIKMD4.jpg,B008AIKMD4.jpg,B00BL9EE4C.jpg,B007V0B9UC.jpg,B006UAPPP4.jpg,B0092PKPKE.jpg,B00DP6SWJW.jpg,B00655A1TE.jpg,B0051BZ6HK.jpg,B002Z7ETL2.jpg,B006GHAY4S.jpg,B005X4RALA.jpg,3OQQD2WO9XQMXZM8KR7ZMWPE29W3IB,True,False,True,False,False,False,True,True,False,False,False,True,False,False
B00CY2BD1M.jpg,B00595TNMM.jpg,B0088N3HGU.jpg,B00A784UKG.jpg,B009D3M86O.jpg,B009OCNXE0.jpg,B00DWPDCGY.jpg,B00466IEVG.jpg,B008A1X87S.jpg,B0076R88V8.jpg,B00E00SG7K.jpg,B006GHAY4S.jpg,B008ATH59C.jpg,B005X4RALA.jpg,B00740W2VY.jpg,338431Z1G0ZOCNIDTCL0OROGKWAROX,False,False,False,False,False,False,False,False,False,False,False,False,False,True
B005I63HRY.jpg,B006VNCKJE.jpg,B00C6PP5CA.jpg,B00CTRI7D4.jpg,B00AODCC9U.jpg,B006P044VU.jpg,B004CHGS2G.jpg,B002Z7ETL2.jpg,B008E65YXU.jpg,B00BSMGUPI.jpg,B00F4O129A.jpg,B005GYSR64.jpg,B008AIKMD4.jpg,B008BG6R0W.jpg,B007WPHLTE.jpg,3VEI3XUC06H6XNUE8CYFDRT6U16RPE,True,False,True,False,False,False,False,True,False,False,True,False,False,False
B00CHH5C2K.jpg,B00AV4VOX2.jpg,B00CLF9APS.jpg,B005TM7S68.jpg,B007V0B9UC.jpg,B006UAPPP4.jpg,B009OCNXE0.jpg,B009D3M86O.jpg,B00C12KACS.jpg,B00B50Y9CO.jpg,B00BPU0D7E.jpg,B005GYSR64.jpg,B005GT2DUK.jpg,B008BG6R0W.jpg,B00DMEFORK.jpg,329E6HTMTBMD3UCWKUSBZC4RUDL3KM,False,False,True,False,False,False,False,False,True,False,False,False,False,False
B007G3N9CU.jpg,B008YIG3DI.jpg,B004MMF00W.jpg,B007IGI7UO.jpg,B00AODCC9U.jpg,B006P044VU.jpg,B00A7DWWAQ.jpg,B0076OEBY4.jpg,B00E1SQHY0.jpg,B00AFDJ0HG.jpg,B006MQRRAW.jpg,B005GYSR64.jpg,B005GT2DUK.jpg,B008BG6R0W.jpg,B00DMEFORK.jpg,3EN4YVUOVRCU88DSMYZN5DTIMJLJX2,True,False,True,False,False,False,False,False,False,False,False,False,False,False
B00A4FQ4PG.jpg,B00DZURB9K.jpg,B006VNCKJE.jpg,B0080646GU.jpg,B00AODCC9U.jpg,B00A7DWWAQ.jpg,B007V0B9UC.jpg,B0076OEBY4.jpg,B002VECPU6.jpg,B0097B86M2.jpg,B00AIIQLNO.jpg,B00BYFESVM.jpg,B005GYSR64.jpg,B00DMEFORK.jpg,B0080E53WI.jpg,3CO05SML8AP396QURRJPYQSYMTV0RH,False,False,True,False,False,False,False,False,False,False,False,False,False,False
B0070IN282.jpg,B0067IDDF8.jpg,B0067PFCXM.jpg,B009OCNXE0.jpg,B007V0B9UC.jpg,B006UAPPP4.jpg,B007WPHLTE.jpg,B008AIKMD4.jpg,B0083UY0LY.jpg,B00AFDJ0HG.jpg,B00D8JB44G.jpg,B005GYSR64.jpg,B005GT2DUK.jpg,B00DMEFORK.jpg,B00BYFESVM.jpg,3W5PY7V3V4RJ8D32RULPOR0ROPFYJN,False,False,False,False,False,False,False,False,False,False,False,False,True,False
B004VBELY0.jpg,B00B5KEVPY.jpg,B004X9MA66.jpg,B007L3W3FE.jpg,B00AODCC9U.jpg,B006P044VU.jpg,B004CHGS2G.jpg,B002Z7ETL2.jpg,B008B6QCH0.jpg,B00E3XBZOA.jpg,B008BYUH9Q.jpg,B005GYSR64.jpg,B00BYFESVM.jpg,B00DMEFORK.jpg,B005GT2DUK.jpg,3SX4X51T9FTWD6WWR1ZET1Z6KSMOAM,False,False,False,False,False,False,False,False,False,False,False,False,False,False
B008R8BGT6.jpg,B00C1RFQA4.jpg,B0082C616K.jpg,B008KYNQBI.jpg,B007V0B9UC.jpg,B00AODCC9U.jpg,B00A7DWWAQ.jpg,B007WPHLTE.jpg,B006TALF54.jpg,B0091GR3HC.jpg,B008KKNM4S.jpg,B006GHAY4S.jpg,B002Z7ETL2.jpg,B005X4RALA.jpg,B008ATH59C.jpg,3S4TINXCDF71WG1OXFZAOCJC2A7OBH,False,False,True,False,False,False,True,False,False,False,False,True,False,False
B004HSN6W0.jpg,B006VNCKJE.jpg,B007F7OJ8K.jpg,B004NG9V2U.jpg,B007V0B9UC.jpg,B00A7DWWAQ.jpg,B00AODCC9U.jpg,B007WPHLTE.jpg,B00BPU0D7E.jpg,B00C12LOZU.jpg,B006ZVRIQM.jpg,B006GHAY4S.jpg,B008ATH59C.jpg,B005X4RALA.jpg,B002Z7ETL2.jpg,3ZTE0JGGDTCK6LTUBFV5ZWPUKV7OCO,False,False,False,False,False,False,False,False,False,False,False,True,False,False
B002DMJQTE.jpg,B0067PFCXM.jpg,B008BRLWA6.jpg,B00CTRI7D4.jpg,B007V0B9UC.jpg,B00AODCC9U.jpg,B00A7DWWAQ.jpg,B007WPHLTE.jpg,B006ZVRIQM.jpg,B008MB4OI8.jpg,B008E65YXU.jpg,B005GYSR64.jpg,B00BYFESVM.jpg,B00DMEFORK.jpg,B005GT2DUK.jpg,3OEWW2KGRYVUBDZ8BBQGJ27C5VJODO,False,False,False,False,False,False,False,False,False,False,True,False,False,False
B00CTTJCUY.jpg,B00C1RFQA4.jpg,B00DR3TRJ2.jpg,B0095JQTLQ.jpg,B007V0B9UC.jpg,B007WPHLTE.jpg,B00A7DWWAQ.jpg,B008AIKMD4.jpg,B00CTIEB2O.jpg,B00CTTJCUY.jpg,B00DBCUIJM.jpg,B006GHAY4S.jpg,B002Z7ETL2.jpg,B005X4RALA.jpg,B008ATH59C.jpg,3AA88CN994NEJX9K9FL1P6043EFYKM,False,False,False,False,False,False,False,False,True,False,False,False,False,False
B0084DJO1Q.jpg,B00A784UKG.jpg,B00B4YXHF6.jpg,B00CAMJMRS.jpg,B009CQNT6U.jpg,B009D3M86O.jpg,B009OCNXE0.jpg,B00DWPDCGY.jpg,B0056F25J8.jpg,B00AQ8PVXW.jpg,B00BU9S4V2.jpg,B006GHAY4S.jpg,B00CO9MVT8.jpg,B00740W2VY.jpg,B008ATH59C.jpg,3FTID4TN90IP33R2UFX246DJSEKYLP,False,False,False,False,False,False,False,True,False,False,False,False,False,False
B0099N7EA8.jpg,B004CHGS2G.jpg,B004CHGS2G.jpg,B007904PDM.jpg,B00C2D4XA6.jpg,B00AODCC9U.jpg,B006P044VU.jpg,B002Z7ETL2.jpg,B002Z7ETL2.jpg,B0073Y4HDW.jpg,B0060MFHH8.jpg,B004HX2DYW.jpg,B008AIKMD4.jpg,B007WPHLTE.jpg,B009C6OMMK.jpg,31SIZS5W6OZRXZVT8PD4DWJGZXSRQ5,False,False,False,False,False,False,False,False,False,False,False,True,False,False
B0093K54X6.jpg,B004BDP1BA.jpg,B0084DQY14.jpg,B0082825YQ.jpg,B007V0B9UC.jpg,B006UAPPP4.jpg,B009OCNXE0.jpg,B009D3M86O.jpg,B00B50Y9CO.jpg,B00D8YT7LS.jpg,B008A1X87S.jpg,B006GHAY4S.jpg,B008ATH59C.jpg,B005X4RALA.jpg,B002Z7ETL2.jpg,3W5PY7V3V4RJ8D32RULPOR0ROPFJY8,False,False,False,True,False,False,False,False,True,False,False,True,True,False
B007SOULGY.jpg,B003WT19PQ.jpg,B005VZ8RFO.jpg,B007ZDYK2E.jpg,B00AODCC9U.jpg,B006P044VU.jpg,B00A7DWWAQ.jpg,B0076OEBY4.jpg,B00BV3WNCI.jpg,B008E65YXU.jpg,B00F4O129A.jpg,B005GYSR64.jpg,B005GT2DUK.jpg,B008BG6R0W.jpg,B00CLV8QQ6.jpg,3CKVGCS3QVPFALQ76GJUO0XU8VE0S5,False,False,False,False,False,False,False,False,False,False,True,True,False,False
B00C2G1HCA.jpg,B00CJTARFI.jpg,B006OR8A6E.jpg,B0036Z2T3C.jpg,B00AODCC9U.jpg,B007V0B9UC.jpg,B00A7DWWAQ.jpg,B0076OEBY4.jpg,B008MB4OI8.jpg,B00CCC0B1C.jpg,B00A7FRP10.jpg,B00BYFESVM.jpg,B005GYSR64.jpg,B00DMEFORK.jpg,B0080E53WI.jpg,3FSEU3P2O6KR90ATL424IMTLVJURR6,True,True,True,True,False,False,False,False,False,False,True,True,True,False
B001DXL1WY.jpg,B005FSIX5G.jpg,B003BT62A4.jpg,B0084ZS2YO.jpg,B00AODCC9U.jpg,B00A7DWWAQ.jpg,B007V0B9UC.jpg,B0076OEBY4.jpg,B00CIZZ6EK.jpg,B0087D7OJ2.jpg,B00H15C73K.jpg,B006GHAY4S.jpg,B002Z7ETL2.jpg,B005X4RALA.jpg,B008ATH59C.jpg,378G7J1SK0I78SMAYSSA6E2J89JWE1,False,True,False,False,False,False,False,True,False,False,False,False,True,False
B00CN46SMU.jpg,B00F5DPMIM.jpg,B00AV4VOX2.jpg,B00CQ9U2UQ.jpg,B00CQ9U2UQ.jpg,B007V0B9UC.jpg,B006UAPPP4.jpg,B009OCNXE0.jpg,B009D3M86O.jpg,B004OLGO24.jpg,B00297BG7I.jpg,B006GHAY4S.jpg,B002Z7ETL2.jpg,B005X4RALA.jpg,B008ATH59C.jpg,38F60IALBV1GPL3MVGOKY5TGAES0TU,False,False,False,False,False,True,True,False,False,False,False,False,False,False
B00BRE2YD4.jpg,B004NG9V2U.jpg,B007F7OJ8K.jpg,B00CBMO7JA.jpg,B00AODCC9U.jpg,B007V0B9UC.jpg,B00A7DWWAQ.jpg,B0076OEBY4.jpg,B0094DGGR0.jpg,B0080E5BJS.jpg,B006ZWEMWE.jpg,B005GYSR64.jpg,B005GT2DUK.jpg,B008BG6R0W.jpg,B00DMEFORK.jpg,3FO95NVK6RK3AFA60T298WYHHLDRSU,False,False,False,False,False,False,False,False,False,True,False,False,False,False
B00CXAP5HS.jpg,B004GGSFK6.jpg,B005XW1C70.jpg,B0087AYQ7I.jpg,B009D3M86O.jpg,B009OCNXE0.jpg,B006UAPPP4.jpg,B009AZRPRM.jpg,B00CHH5C2K.jpg,B00F5DPMIM.jpg,B00C12LOZU.jpg,B002Z7ETL2.jpg,B008AIKMD4.jpg,B006GHAY4S.jpg,B007WPHLTE.jpg,34XASH8KM56F07HM342YRSZWOE7MPL,True,False,False,False,False,False,False,False,False,False,False,False,False,False
B00499DHK8.jpg,B005QSQX52.jpg,B004VQBVOI.jpg,B00GCR5OPG.jpg,B007V0B9UC.jpg,B007WPHLTE.jpg,B006UAPPP4.jpg,B008AIKMD4.jpg,B008AIKMD4.jpg,B008AEEHA2.jpg,B003ILIR4E.jpg,B00DB9POOY.jpg,B002Z7ETL2.jpg,B006GHAY4S.jpg,B005X4RALA.jpg,3P520RYKDWQUK54CSRK6KWB9A09U5Z,True,False,False,False,False,False,False,False,True,False,False,False,True,False
B008D5IQFU.jpg,B00EFE9MII.jpg,B00316G2DE.jpg,B0097IX9NQ.jpg,B0097IX9NQ.jpg,B00AODCC9U.jpg,B006P044VU.jpg,B00A7DWWAQ.jpg,B0076OEBY4.jpg,B009QOHBUI.jpg,B007XD5XH2.jpg,B006GHAY4S.jpg,B008ATH59C.jpg,B005X4RALA.jpg,B002Z7ETL2.jpg,39WSF6KUWH5Z3JD87610PKPX57KOEH,True,False,False,False,False,False,True,False,False,False,True,False,False,False
B007CL8W1O.jpg,B00AEW4384.jpg,B00E6RBFFC.jpg,B004VQBVOI.jpg,B007V0B9UC.jpg,B006UAPPP4.jpg,B008AIKMD4.jpg,B008AIKMD4.jpg,B0092PKPKE.jpg,B004AY7K1Y.jpg,B002YX0KZ6.jpg,B005F32V6I.jpg,B005GYSR64.jpg,B008BG6R0W.jpg,B005GT2DUK.jpg,3Y3N5A7N5VT99L9NURYH4JS8SJAYMR,False,False,False,False,False,False,False,True,False,False,False,False,False,False
B00A7DWWAQ.jpg,B00E0OSMS4.jpg,B005LC303G.jpg,B00BTUULCC.jpg,B007V0B9UC.jpg,B006UAPPP4.jpg,B008AIKMD4.jpg,B008AIKMD4.jpg,B0092PKPKE.jpg,B0094KQ1NC.jpg,B007WA3RBK.jpg,B0083UY0LY.jpg,B006GHAY4S.jpg,B002Z7ETL2.jpg,B005X4RALA.jpg,3HO4MYYR2H8Q394QXAUBC2P96VKU6F,False,False,True,False,True,False,True,True,True,False,False,False,False,False
B00BWA8H0C.jpg,B00AV4VOX2.jpg,B00CQ9U2UQ.jpg,B00BY3R17W.jpg,B007V0B9UC.jpg,B009D3M86O.jpg,B009OCNXE0.jpg,B006UAPPP4.jpg,B00C12KACS.jpg,B009NCHBBW.jpg,B00D3SCKPE.jpg,B006GHAY4S.jpg,B008ATH59C.jpg,B005X4RALA.jpg,B002Z7ETL2.jpg,37SOB9Z0T7HON0UE5U4CECH6JDQ3LP,False,True,False,False,False,False,False,True,False,False,False,True,False,False
B008R9FAD8.jpg,B006ZWE2Y2.jpg,B007REBDNK.jpg,B006J3YCOC.jpg,B007V0B9UC.jpg,B00A7DWWAQ.jpg,B007WPHLTE.jpg,B00AODCC9U.jpg,B007SX36PI.jpg,B006ZWEMWE.jpg,B00BY045C4.jpg,B006GHAY4S.jpg,B008ATH59C.jpg,B005X4RALA.jpg,B002Z7ETL2.jpg,3XEDXEGFYI8HM2DZ17ASXE6KR10K07,False,True,False,False,False,False,False,True,False,False,False,False,False,False
B009AMLLVG.jpg,B00378LCPE.jpg,B00C62EKDS.jpg,B008ODSK5M.jpg,B007V0B9UC.jpg,B006UAPPP4.jpg,B008AIKMD4.jpg,B008AIKMD4.jpg,B007WPHLTE.jpg,B007WPHLTE.jpg,B00DO9M2VE.jpg,B00D9BZR4Q.jpg,B0094KQ1NC.jpg,B002Z7ETL2.jpg,B006GHAY4S.jpg,30QQTY5GNZ4979IVGKZ3IGP5164U7E,True,False,False,False,False,False,False,True,False,False,False,True,False,False
B004V7KUQ2.jpg,B008ZAD996.jpg,B005N4L15G.jpg,B007Q39QB8.jpg,B007V0B9UC.jpg,B007WPHLTE.jpg,B006UAPPP4.jpg,B008AIKMD4.jpg,B0087D7OJ2.jpg,B0056F25J8.jpg,B005MN4RLS.jpg,B006GHAY4S.jpg,B002Z7ETL2.jpg,B005X4RALA.jpg,B008ATH59C.jpg,3RSBJ6YZFRAR9XD42HL672AXH8ZOFZ,True,False,False,False,False,False,False,True,False,False,False,True,False,False
B00ARHO3ZY.jpg,B005KOYZWU.jpg,B007WPHLTE.jpg,B006ZWE2Y2.jpg,B00AODCC9U.jpg,B007V0B9UC.jpg,B00A7DWWAQ.jpg,B0076OEBY4.jpg,B005SFZ6VU.jpg,B00BV3WNCI.jpg,B008EQ6AM4.jpg,B006GHAY4S.jpg,B008ATH59C.jpg,B005X4RALA.jpg,B00740W2VY.jpg,3ABAOCJ4SNO00JI13HHNRXP6TATMQC,False,False,True,False,False,False,False,False,False,False,False,False,False,False
B002Y2RC8A.jpg,B007WPHLTE.jpg,B00GCR5OPG.jpg,B00CLF3JPA.jpg,B00AODCC9U.jpg,B00A7DWWAQ.jpg,B007V0B9UC.jpg,B0076OEBY4.jpg,B0076ZYQ6G.jpg,B0087D7OJ2.jpg,B0097B86M2.jpg,B00BYFESVM.jpg,B0080E53WI.jpg,B005GYSR64.jpg,B002DMJQTE.jpg,3O71U79SSQ9CDZXEVL6SMX47BYEMS1,False,False,True,False,False,False,False,False,False,False,False,False,False,False
B00BU9S4V2.jpg,B00A4AN1K2.jpg,B00EJN90W8.jpg,B008VQ6NNI.jpg,B007V0B9UC.jpg,B006UAPPP4.jpg,B007WPHLTE.jpg,B008AIKMD4.jpg,B007UYY43I.jpg,B008LQU49W.jpg,B004TA9PVW.jpg,B005GYSR64.jpg,B005GT2DUK.jpg,B008BG6R0W.jpg,B00DMEFORK.jpg,3Q2T3FD0P2S8TICZ565REPWVJIG3MR,False,True,False,False,False,False,False,True,False,False,False,True,False,False
B0070QMT24.jpg,B003JH7YJ6.jpg,B009414WQO.jpg,B00CGYK5K8.jpg,B00AODCC9U.jpg,B00A7DWWAQ.jpg,B007V0B9UC.jpg,B0076OEBY4.jpg,B006ZWEMWE.jpg,B006PDUYHU.jpg,B00AODC7BS.jpg,B002Z7ETL2.jpg,B008AIKMD4.jpg,B006GHAY4S.jpg,B007WPHLTE.jpg,3P4ZBJFX3ANZE6M6T3CGOWNJKAYWFJ,True,False,False,False,False,False,False,False,False,False,False,False,False,False
B00CII3SOM.jpg,B00466ICP4.jpg,B003BT62A4.jpg,B00CGYK5K8.jpg,B00AODCC9U.jpg,B006P044VU.jpg,B00A7DWWAQ.jpg,B002Z7ETL2.jpg,B002Z7ETL2.jpg,B0056F25J8.jpg,B00CIZZ6EK.jpg,B00H15C73K.jpg,B008AIKMD4.jpg,B006GHAY4S.jpg,B007WPHLTE.jpg,38B7Q9C29VPSJHGNZZZKG62VTAB691,False,True,False,False,False,True,False,False,False,False,False,False,True,False
B007457CVE.jpg,B0082C616K.jpg,B008KYNQBI.jpg,B0094QX5SK.jpg,B00AODCC9U.jpg,B00A7DWWAQ.jpg,B006P044VU.jpg,B0076OEBY4.jpg,B008MB4OI8.jpg,B0075BUES0.jpg,B002PEXJD4.jpg,B006GHAY4S.jpg,B002Z7ETL2.jpg,B005X4RALA.jpg,B008ATH59C.jpg,3D0LPO3EBQJX9OUZ77DUWNHDNJPYO6,False,True,False,False,False,False,False,False,False,False,False,False,False,False
B005MGDYK0.jpg,B00AIIQLNO.jpg,B00FM7EAQQ.jpg,B005MGDYK0.jpg,B007V0B9UC.jpg,B007WPHLTE.jpg,B008AIKMD4.jpg,B006UAPPP4.jpg,B002VECPU6.jpg,B00CLDVNSC.jpg,B0061IXDTU.jpg,B006GHAY4S.jpg,B002Z7ETL2.jpg,B005X4RALA.jpg,B008ATH59C.jpg,3LN3BXKGDFF5S6I14NIY6HNVLPYWGI,False,True,False,False,False,False,False,False,True,False,True,False,False,False
B00EZW2J8A.jpg,B008AIKMD4.jpg,B00EZW2J8A.jpg,B00CLDVNSC.jpg,B00CLDVNSC.jpg,B0074H8I6K.jpg,B007V0B9UC.jpg,B00A7DWWAQ.jpg,B00AODCC9U.jpg,B007WPHLTE.jpg,B002VECPU6.jpg,B009NJQCO2.jpg,B006GHAY4S.jpg,B002Z7ETL2.jpg,B005X4RALA.jpg,34R3P23QI7LJS2DCOT0GRHZW0PBWHH,False,False,False,False,False,False,True,True,False,True,False,True,True,False
B00DWFEPEC.jpg,B0087YZMHW.jpg,B003JH7YJ6.jpg,B00A2G31AS.jpg,B007V0B9UC.jpg,B006UAPPP4.jpg,B008AIKMD4.jpg,B0092PKPKE.jpg,B00DRIKVDI.jpg,B008AEEHA2.jpg,B00DBCUIJM.jpg,B00BYFESVM.jpg,B005GYSR64.jpg,B00DMEFORK.jpg,B005GT2DUK.jpg,33QQ60S6B72VPYIBVLEU31FITSZ0UL,False,False,True,False,False,False,False,True,False,False,False,False,True,False
B00EEERGP0.jpg,B008MJWKAE.jpg,B00BI5R31U.jpg,B00F4O129A.jpg,B00AODCC9U.jpg,B006P044VU.jpg,B004CHGS2G.jpg,B002Z7ETL2.jpg,B006ZVRIQM.jpg,B003XRKA9I.jpg,B00D61ZCGW.jpg,B00BYFESVM.jpg,B005GYSR64.jpg,B00DMEFORK.jpg,B005GT2DUK.jpg,3FBEFUUYSZP6O0QSR5DKC1DFZST6AG,True,False,False,False,False,False,False,False,False,False,False,False,False,False
B004L10OU0.jpg,B00D9BZR4Q.jpg,B008OKGFF2.jpg,B003725DKU.jpg,B009D3M86O.jpg,B009OCNXE0.jpg,B006UAPPP4.jpg,B009AZRPRM.jpg,B001QCXH4W.jpg,B006VA06KW.jpg,B008OY314G.jpg,B00BYFESVM.jpg,B005GYSR64.jpg,B00DMEFORK.jpg,B0080E53WI.jpg,3TZDZ3Y0K7QXCVFQTTN3LABELZV916,True,False,False,True,False,False,False,True,False,False,False,False,True,False
B00CSQ15KS.jpg,B008PRJ394.jpg,B00CTRI7D4.jpg,B00BNCH1RO.jpg,B00AODCC9U.jpg,B00A7DWWAQ.jpg,B0076OEBY4.jpg,B007V0B9UC.jpg,B006ZVRIQM.jpg,B00B50Y9CO.jpg,B00F4O129A.jpg,B005GYSR64.jpg,B00BYFESVM.jpg,B00DMEFORK.jpg,B005GT2DUK.jpg,38RHULDVADZJOXOWUBI1RT0B02QWIA,False,False,False,False,False,False,False,False,False,False,True,False,False,False
B0048C7MMU.jpg,B00E6RBFFC.jpg,B00DRIKVDI.jpg,B009COQRZW.jpg,B007V0B9UC.jpg,B006UAPPP4.jpg,B007WPHLTE.jpg,B008AIKMD4.jpg,B00BSMGUPI.jpg,B00GATDMUK.jpg,B007WADW7E.jpg,B006GHAY4S.jpg,B00CO9MVT8.jpg,B00740W2VY.jpg,B008ATH59C.jpg,3EAWOID6N8HV2D7B0BOZZNH17Z80VA,False,True,False,False,False,False,False,True,False,False,False,False,True,False
B0032FOQUU.jpg,B006ZWE2Y2.jpg,B006J3YCOC.jpg,B00BY3GCD6.jpg,B007V0B9UC.jpg,B00AODCC9U.jpg,B00A7DWWAQ.jpg,B007WPHLTE.jpg,B008N05A40.jpg,B008P5453U.jpg,B00CWSNY24.jpg,B005GYSR64.jpg,B005GT2DUK.jpg,B00DMEFORK.jpg,B008BG6R0W.jpg,3FJ2RVH26EQ41GXMCXNHQTLJD5992N,False,False,True,False,False,False,False,False,True,False,False,False,False,False
B0073MVVPQ.jpg,B0092QWVQO.jpg,B00AV4VOX2.jpg,B00595TNMM.jpg,B009D3M86O.jpg,B009OCNXE0.jpg,B00DWPDCGY.jpg,B00466IEVG.jpg,B008A1X87S.jpg,B004OLGO24.jpg,B0073MVVPQ.jpg,B006GHAY4S.jpg,B002Z7ETL2.jpg,B005X4RALA.jpg,B008ATH59C.jpg,307L9TDWKDCEB0XZH7KRR4LVO8Q3NR,False,False,False,False,False,False,False,False,False,False,False,False,False,False
B00E1Q8HMM.jpg,B005KOYZWU.jpg,B009414WQO.jpg,B00E1Q8HMM.jpg,B007V0B9UC.jpg,B00AODCC9U.jpg,B00A7DWWAQ.jpg,B0076OEBY4.jpg,B00F4O129A.jpg,B00CXO1ULE.jpg,B008VFX1IE.jpg,B006GHAY4S.jpg,B002Z7ETL2.jpg,B005X4RALA.jpg,B008ATH59C.jpg,3Z8UJEJODEXTMYT5GX1M93QBJJ993Y,True,False,False,False,False,False,False,True,False,False,False,False,False,False
B00AWMNYG8.jpg,B008ZAD996.jpg,B009C6OO8C.jpg,B007Q39QB8.jpg,B00AODCC9U.jpg,B006P044VU.jpg,B00A7DWWAQ.jpg,B002Z7ETL2.jpg,B00A3EZC4M.jpg,B00E6RBFFC.jpg,B005QSQX52.jpg,B005GYSR64.jpg,B00BYFESVM.jpg,B00DMEFORK.jpg,B005GT2DUK.jpg,3O0M2G5VDLME4UC9GB65J8IHXJ594J,False,True,False,False,False,False,False,False,False,False,False,False,True,False
B0036SHD1W.jpg,B004VQBVOI.jpg,B0081JNTYG.jpg,B00499DHK8.jpg,B007V0B9UC.jpg,B007WPHLTE.jpg,B006UAPPP4.jpg,B008AIKMD4.jpg,B002YX0KZ6.jpg,B001JDGNS0.jpg,B005917FDA.jpg,B005GYSR64.jpg,B00BYFESVM.jpg,B005GT2DUK.jpg,B00DMEFORK.jpg,3BKZLF991EJ0U07FMK5YLSCD2K7YQE,True,True,False,False,False,False,False,False,False,False,False,False,False,False
B00BH9KMO2.jpg,B00AV4VOX2.jpg,B00BY3R17W.jpg,B00CQ9U2UQ.jpg,B009D3M86O.jpg,B009OCNXE0.jpg,B009CQNT6U.jpg,B00DWPDCGY.jpg,B00ET5HWBM.jpg,B00C12KACS.jpg,B00F150ZXQ.jpg,B006GHAY4S.jpg,B00CO9MVT8.jpg,B008ATH59C.jpg,B00740W2VY.jpg,3NBFJK3IPW2XNX9ZD1ROPNA9INZOGY,False,False,False,False,False,False,True,False,False,False,False,False,False,False
B0088AAXUG.jpg,B006MWV676.jpg,B00DBCUIJM.jpg,B00ECLMIKS.jpg,B00AODCC9U.jpg,B006P044VU.jpg,B00A7DWWAQ.jpg,B0076OEBY4.jpg,B005N4L15G.jpg,B0036SHD1W.jpg,B005MN4RLS.jpg,B002Z7ETL2.jpg,B006GHAY4S.jpg,B008AIKMD4.jpg,B005X4RALA.jpg,36U4VBVNR3XJPS2APYX9NXG52IYRUA,False,False,False,False,False,False,False,False,False,False,True,False,False,False
B00EBZUV0Y.jpg,B00CFUEHAW.jpg,B00AODCC9U.jpg,B00AFDIN42.jpg,B009D3M86O.jpg,B009OCNXE0.jpg,B009AZRPRM.jpg,B0067IDDF8.jpg,B00D9BZR4Q.jpg,B0094KQ1NC.jpg,B00DZ02CJY.jpg,B006GHAY4S.jpg,B002Z7ETL2.jpg,B008AIKMD4.jpg,B005X4RALA.jpg,385MDVINGRZFJ882CT313UFBDHFWJM,True,True,False,False,False,False,True,True,False,False,False,False,True,False
B007XATMYA.jpg,B0091PLEKA.jpg,B0084YMCBY.jpg,B00598QDJK.jpg,B007V0B9UC.jpg,B00A7DWWAQ.jpg,B007WPHLTE.jpg,B00AODCC9U.jpg,B00BXS8A3M.jpg,B002VECPU6.jpg,B008EOZ1SU.jpg,B002Z7ETL2.jpg,B006GHAY4S.jpg,B008AIKMD4.jpg,B005X4RALA.jpg,3OJX0UFJ1ERDLS6OVHXNWCGBWWSU9Q,False,False,False,False,False,False,True,False,False,False,False,False,False,False
B0036ME5BE.jpg,B008PF2EHE.jpg,B003BT62A4.jpg,B00466ICP4.jpg,B007V0B9UC.jpg,B006UAPPP4.jpg,B008AIKMD4.jpg,B008AIKMD4.jpg,B0092PKPKE.jpg,B0094DGGR0.jpg,B000FCY9XM.jpg,B008AEEMYS.jpg,B002Z7ETL2.jpg,B007WPHLTE.jpg,B009C6OMMK.jpg,3PKVGQTFJW4061MFZZUYQIMIY69YRF,False,False,False,False,False,False,False,False,False,False,False,False,False,False
B00BPCXTVE.jpg,B004NG9V2U.jpg,B00CBMO7JA.jpg,B007YBDKZK.jpg,B007V0B9UC.jpg,B006UAPPP4.jpg,B009D3M86O.jpg,B009OCNXE0.jpg,B008MB4OI8.jpg,B00CCC0B1C.jpg,B00A7FRP10.jpg,B00BYFESVM.jpg,B005GYSR64.jpg,B00DMEFORK.jpg,B005GT2DUK.jpg,3PGQRAZX1H4C7GMSEOU3GSREK8SYS3,False,True,False,False,False,False,False,False,False,False,False,False,False,False
B00385IQY6.jpg,B007C7JGSG.jpg,B00ALGUAOO.jpg,B009KQVCAM.jpg,B007V0B9UC.jpg,B006UAPPP4.jpg,B009OCNXE0.jpg,B009D3M86O.jpg,B00AELHLFC.jpg,B0027CTRNK.jpg,B007FNGLZI.jpg,B006GHAY4S.jpg,B008ATH59C.jpg,B00CO9MVT8.jpg,B00740W2VY.jpg,3MA5N0ATURVAUSEKUE3D49FOS6FWKL,False,False,False,False,False,False,False,True,True,False,True,False,False,False
B0076OEBY4.jpg,B00AV4VOX2.jpg,B00CLF9APS.jpg,B005TM7S68.jpg,B007V0B9UC.jpg,B007WPHLTE.jpg,B007WPHLTE.jpg,B00A7DWWAQ.jpg,B008AIKMD4.jpg,B008AIKMD4.jpg,B00C12KACS.jpg,B008VIRN62.jpg,B002DI8HQG.jpg,B002Z7ETL2.jpg,B006GHAY4S.jpg,36FFXPMSUO8BNT4AX796ANMAXNCOHX,False,True,True,False,False,False,False,False,False,False,False,False,False,False
B00C5168K8.jpg,B0091QSKHE.jpg,B004CHGS2G.jpg,B004CHGS2G.jpg,B00E9QQU46.jpg,B00AODCC9U.jpg,B006P044VU.jpg,B002Z7ETL2.jpg,B002Z7ETL2.jpg,B00H15C73K.jpg,B00A3EZC4M.jpg,B004JLU6DM.jpg,B006GHAY4S.jpg,B005X4RALA.jpg,B008ATH59C.jpg,3AFT28WXMUMBJOFU3PRRAZNPX0ROIQ,True,False,False,False,False,False,True,True,False,False,True,False,False,False
B00AFV75CU.jpg,B006UAPPP4.jpg,B008AIKMD4.jpg,B004QF0KO6.jpg,B009D3M86O.jpg,B009OCNXE0.jpg,B00DWPDCGY.jpg,B009AZRPRM.jpg,B00655A1TE.jpg,B004I3UFKK.jpg,B00968D8ZG.jpg,B006GHAY4S.jpg,B002Z7ETL2.jpg,B005X4RALA.jpg,B008ATH59C.jpg,3M7OI89LWD8UHFNQBJ9BIW33ZVE6CI,True,False,False,False,False,False,True,False,False,False,False,False,True,False
B008PHQ8II.jpg,B004QF0KO6.jpg,B00BL9EE4C.jpg,B008XOXVBU.jpg,B009D3M86O.jpg,B009OCNXE0.jpg,B009AZRPRM.jpg,B006UAPPP4.jpg,B00CQSPPLS.jpg,B00DP6SWJW.jpg,B008OKGFF2.jpg,B006GHAY4S.jpg,B008ATH59C.jpg,B005X4RALA.jpg,B002Z7ETL2.jpg,3HEADTGN34CJ27RAUO7EJJIOGP7RVZ,True,False,True,False,False,False,True,False,False,False,False,False,True,False
B00BUVJTSC.jpg,B00CLF9APS.jpg,B00AV4VOX2.jpg,B00CBMO7JA.jpg,B007V0B9UC.jpg,B006UAPPP4.jpg,B009OCNXE0.jpg,B009D3M86O.jpg,B00C12KACS.jpg,B00BPU0D7E.jpg,B00B50Y9CO.jpg,B006GHAY4S.jpg,B002Z7ETL2.jpg,B008AIKMD4.jpg,B005X4RALA.jpg,3LB1BGHFMHGDMGZ73OZTQXN0MR6YTS,False,True,False,False,False,False,False,False,False,False,False,False,False,False
B008PG0SOO.jpg,B00CAMJMRS.jpg,B002TYZGJ0.jpg,B00CQ9U2UQ.jpg,B00AODCC9U.jpg,B00A7DWWAQ.jpg,B006P044VU.jpg,B0076OEBY4.jpg,B00GATDMUK.jpg,B007XD6AMO.jpg,B005X4RALA.jpg,B005X4RALA.jpg,B006GHAY4S.jpg,B008ATH59C.jpg,B002Z7ETL2.jpg,3RTFSSG7UNQLEYW2FEFEJ9S3H6KWLO,False,False,False,False,False,False,False,False,False,False,True,False,False,False
B00BI5R31U.jpg,B008MJWKAE.jpg,B00CTRI7D4.jpg,B007F7OJ8K.jpg,B007V0B9UC.jpg,B006UAPPP4.jpg,B008AIKMD4.jpg,B0092PKPKE.jpg,B0082BI7WC.jpg,B007L3W3FE.jpg,B00BL9CN0E.jpg,B005GYSR64.jpg,B00BYFESVM.jpg,B00DMEFORK.jpg,B005GT2DUK.jpg,3GS542CVKA7W0DG9UGPFO0OVXF095O,False,True,False,False,False,False,False,True,False,False,False,True,False,False
B00CWSNY24.jpg,B006ZWEMWE.jpg,B006ZWEMWE.jpg,B00AYR2L4M.jpg,B00C62EKDS.jpg,B007V0B9UC.jpg,B006UAPPP4.jpg,B009OCNXE0.jpg,B009D3M86O.jpg,B000FCY9XM.jpg,B00COB4356.jpg,B002Z7ETL2.jpg,B008AIKMD4.jpg,B006GHAY4S.jpg,B007WPHLTE.jpg,3BS6ERDLAIR4M7T4BF4M22LLKVQ6DI,False,True,False,False,False,False,False,False,False,False,False,False,False,False
B00AXVFMYA.jpg,B00BPBCKQK.jpg,B00D5UJAOY.jpg,B009TYL08E.jpg,B007V0B9UC.jpg,B009D3M86O.jpg,B009OCNXE0.jpg,B006UAPPP4.jpg,B004L0XCUK.jpg,B008SOOLGE.jpg,B008AEEMYS.jpg,B008AIKMD4.jpg,B002Z7ETL2.jpg,B007WPHLTE.jpg,B009C6OMMK.jpg,3GMLHYZ0MTHSMTEW3TP3VT9255DYUJ,True,False,True,False,False,False,False,False,False,False,True,False,False,False
B006YNDYF0.jpg,B008RDI8MO.jpg,B007C7JGSG.jpg,B0094QX5SK.jpg,B00AODCC9U.jpg,B006P044VU.jpg,B00A7DWWAQ.jpg,B002Z7ETL2.jpg,B00BWA8H0C.jpg,B0062FN2EI.jpg,B00BVGHQKO.jpg,B006GHAY4S.jpg,B008ATH59C.jpg,B00CO9MVT8.jpg,B00740W2VY.jpg,3R6RZGK0YUWSZ83W8JZ8RFBLJCMYV8,False,False,False,False,False,False,False,False,False,False,False,True,False,False
B008B8461W.jpg,B00E0OSMS4.jpg,B00A7Z5MKQ.jpg,B008VIQTZS.jpg,B007V0B9UC.jpg,B006UAPPP4.jpg,B007WPHLTE.jpg,B008AIKMD4.jpg,B007WA3RBK.jpg,B006ZWEMWE.jpg,B006GF739E.jpg,B005GYSR64.jpg,B005GT2DUK.jpg,B00DMEFORK.jpg,B00BYFESVM.jpg,3VJ4PFXFKIRRQBGTNNBNS7RV2EAUA5,False,True,False,False,False,False,True,False,False,False,False,False,True,False
B0075AW63M.jpg,B004DCAVT6.jpg,B003VTQA1K.jpg,B008RDI8MO.jpg,B00AODCC9U.jpg,B00A7DWWAQ.jpg,B007V0B9UC.jpg,B0076OEBY4.jpg,B008MB4OI8.jpg,B009D5TCY8.jpg,B007SYWE00.jpg,B006GHAY4S.jpg,B002Z7ETL2.jpg,B008AIKMD4.jpg,B005X4RALA.jpg,3BC9H1KCZ9W5EX31YT44DHUZQLOYWI,False,False,False,False,False,False,False,False,False,False,False,False,False,False
B008S4C8JG.jpg,B00C1RFQA4.jpg,B0091GR3HC.jpg,B0091GR3HC.jpg,B009VUUMBW.jpg,B007V0B9UC.jpg,B00AODCC9U.jpg,B00A7DWWAQ.jpg,B007WPHLTE.jpg,B00DEPBDBI.jpg,B009XJMTSA.jpg,B006GHAY4S.jpg,B002Z7ETL2.jpg,B005X4RALA.jpg,B008ATH59C.jpg,38B7Q9C29VPSJHGNZZZKG62VTAB964,False,True,True,True,False,False,False,False,True,False,False,False,False,False
B008MC8438.jpg,B00598QDJK.jpg,B0089DLVNA.jpg,B006MPVW4U.jpg,B007V0B9UC.jpg,B006UAPPP4.jpg,B009OCNXE0.jpg,B009D3M86O.jpg,B0087D7OJ2.jpg,B001JDGNS0.jpg,B007HZAFSI.jpg,B008AIKMD4.jpg,B002Z7ETL2.jpg,B007WPHLTE.jpg,B009C6OMMK.jpg,35ZRNT9RVXIWTLXBIMK46TL0EIV3O6,False,False,False,False,False,False,False,False,False,False,True,False,False,False
B00CJGAPIU.jpg,B0096L8FL0.jpg,B00BM1IJ18.jpg,B00BM1IJ18.jpg,B00CE2GUYM.jpg,B007V0B9UC.jpg,B006UAPPP4.jpg,B008AIKMD4.jpg,B0092PKPKE.jpg,B007WA3RBK.jpg,B001QCXH4W.jpg,B005GYSR64.jpg,B008BG6R0W.jpg,B005GT2DUK.jpg,B00CLV8QQ6.jpg,3X55NP42F30EEL9CXMXJVTQQONR3PN,False,False,True,False,False,False,False,False,True,False,False,False,False,False
B00655AJCS.jpg,B007SOUELG.jpg,B009OJFHGA.jpg,B007XCGZNY.jpg,B007V0B9UC.jpg,B007WPHLTE.jpg,B008AIKMD4.jpg,B006UAPPP4.jpg,B00EDQ7QZE.jpg,B00FN7SME6.jpg,B007FKA7E2.jpg,B00BYFESVM.jpg,B005GYSR64.jpg,B00DMEFORK.jpg,B005GT2DUK.jpg,3ATYLI1PS8M7EZZ0L7CRM02PAFGOJ2,False,False,False,False,False,False,False,False,False,False,False,False,False,False
B0058BPLPK.jpg,B008VPX9BS.jpg,B007XCS81G.jpg,B005CT9ZJG.jpg,B00AODCC9U.jpg,B006P044VU.jpg,B00A7DWWAQ.jpg,B002Z7ETL2.jpg,B00BU9S4V2.jpg,B001NIYDSS.jpg,B007SOUD26.jpg,B00BYFESVM.jpg,B005GYSR64.jpg,B00DMEFORK.jpg,B005GT2DUK.jpg,3VQTAXTYOI5W9LLLT1BJNIB1KWVUB0,False,False,True,False,False,True,False,True,False,False,False,False,True,False
B00CQ9U2UQ.jpg,B0067IDDF8.jpg,B00BY3R17W.jpg,B00AV4VOX2.jpg,B007V0B9UC.jpg,B006UAPPP4.jpg,B009OCNXE0.jpg,B009D3M86O.jpg,B009NCHBBW.jpg,B00C12KACS.jpg,B00BPU0D7E.jpg,B006GHAY4S.jpg,B002Z7ETL2.jpg,B005X4RALA.jpg,B008ATH59C.jpg,3HUR21WDE99K3X8R8Y0QF086ZNUYXB,False,True,False,False,False,False,False,False,False,False,False,False,False,False
B0081TB10A.jpg,B006VNCKJE.jpg,B004NG9V2U.jpg,B006WWY8YE.jpg,B00AODCC9U.jpg,B006P044VU.jpg,B00A7DWWAQ.jpg,B002Z7ETL2.jpg,B002Z7ETL2.jpg,B00E8AUR2O.jpg,B006ZVRIQM.jpg,B00F4O129A.jpg,B006GHAY4S.jpg,B008AIKMD4.jpg,B005X4RALA.jpg,3E6L1VR4YB61KR702LZCQ2O6W866FT,False,True,False,False,False,False,False,True,False,False,False,False,False,True
B005AQCKBQ.jpg,B007Q39QB8.jpg,B008ZAD996.jpg,B009C6OO8C.jpg,B007V0B9UC.jpg,B006UAPPP4.jpg,B008AIKMD4.jpg,B008AIKMD4.jpg,B0092PKPKE.jpg,B00332FXRW.jpg,B0056F25J8.jpg,B008NW1PGU.jpg,B002Z7ETL2.jpg,B006GHAY4S.jpg,B007WPHLTE.jpg,3A3KKYU7QI15KGENFQGTJM7SHBAWMQ,True,True,False,False,False,False,False,False,True,False,False,False,False,False
B00DWPDCGY.jpg,B008ZAD996.jpg,B007Q39QB8.jpg,B003WE9TNA.jpg,B009D3M86O.jpg,B009OCNXE0.jpg,B007V0B9UC.jpg,B006UAPPP4.jpg,B0038HFFXY.jpg,B0056F25J8.jpg,B00CLGW2W0.jpg,B005GYSR64.jpg,B005GT2DUK.jpg,B008BG6R0W.jpg,B00DMEFORK.jpg,3K8CQCU3LTLB2YZNRRVTW1WSM1KWNQ,True,False,False,False,False,False,False,False,False,False,False,False,False,False
B002PEXJD4.jpg,B005TM7S68.jpg,B004U4R8IE.jpg,B00CLF9APS.jpg,B009D3M86O.jpg,B009OCNXE0.jpg,B009AZRPRM.jpg,B0067IDDF8.jpg,B00BL9CN0E.jpg,B0079G1GL0.jpg,B0076R5V0E.jpg,B00BYFESVM.jpg,B0080E53WI.jpg,B005GYSR64.jpg,B002DMJQTE.jpg,34YWR3PJ3NUN62C60QPHN8EMNAG0XD,False,False,False,False,False,False,False,False,False,False,False,False,False,False
B007G6JZV6.jpg,B00CLF9APS.jpg,B00AV4VOX2.jpg,B00BY3R17W.jpg,B009D3M86O.jpg,B009OCNXE0.jpg,B009AZRPRM.jpg,B00DWPDCGY.jpg,B00C12KACS.jpg,B00BPU0D7E.jpg,B00B50Y9CO.jpg,B008AIKMD4.jpg,B002Z7ETL2.jpg,B007WPHLTE.jpg,B009C6OMMK.jpg,3THR0FZ964DD9PN0OSO42FFHE4LOL4,False,False,True,False,False,False,False,False,False,True,True,True,False,True
B00AKLK08G.jpg,B008PF2EHE.jpg,B00CGYK5K8.jpg,B0095T312Q.jpg,B00AODCC9U.jpg,B00A7DWWAQ.jpg,B0076OEBY4.jpg,B006P044VU.jpg,B0094KQ1NC.jpg,B008N05A40.jpg,B008AEEHA2.jpg,B00BYFESVM.jpg,B005GYSR64.jpg,B00DMEFORK.jpg,B005GT2DUK.jpg,33J5JKFMLLIZEXARXZC8VYG0TJD3QE,False,False,False,False,False,False,False,False,False,False,False,False,False,False
B00C2CTQPE.jpg,B004CHGS2G.jpg,B007904PDM.jpg,B0071ALNLC.jpg,B0071ALNLC.jpg,B007V0B9UC.jpg,B006UAPPP4.jpg,B009OCNXE0.jpg,B009D3M86O.jpg,B005SFZ6VU.jpg,B00BPU0D7E.jpg,B006GHAY4S.jpg,B002Z7ETL2.jpg,B005X4RALA.jpg,B008ATH59C.jpg,3APP19WN8GY7YR3VD55U8NOIXN66GS,False,True,True,False,False,False,False,False,False,False,False,False,False,False
B0065U2ZPW.jpg,B00CH8U9BI.jpg,B006362580.jpg,B009XJMTSA.jpg,B007V0B9UC.jpg,B00AODCC9U.jpg,B00A7DWWAQ.jpg,B007WPHLTE.jpg,B008AEEMYS.jpg,B0094DGGR0.jpg,B00CMPE0C0.jpg,B006GHAY4S.jpg,B008ATH59C.jpg,B005X4RALA.jpg,B002Z7ETL2.jpg,3ZCC2DXSEMO932Y1DUMSYEFF1TOYYH,False,False,False,False,False,False,False,False,False,False,False,False,False,True
B00655A1TE.jpg,B007VU22WQ.jpg,B004QF0KO6.jpg,B008PHQ8II.jpg,B009D3M86O.jpg,B009OCNXE0.jpg,B00DWPDCGY.jpg,B009AZRPRM.jpg,B00ET5HWBM.jpg,B008OY314G.jpg,B00FS3EAOQ.jpg,B005GYSR64.jpg,B008BG6R0W.jpg,B005GT2DUK.jpg,B008AIKMD4.jpg,3P0I4CQYWDRTKJZZS6V6BQWXCBPWO5,False,False,True,False,False,False,False,False,False,False,False,False,False,False
B006DYG6PA.jpg,B00E6RBFFC.jpg,B0060Q8032.jpg,B00AEW4384.jpg,B007V0B9UC.jpg,B007WPHLTE.jpg,B00A7DWWAQ.jpg,B008AIKMD4.jpg,B0056F25J8.jpg,B00H15C73K.jpg,B0087D7OJ2.jpg,B006GHAY4S.jpg,B008ATH59C.jpg,B005X4RALA.jpg,B002Z7ETL2.jpg,3MGHRFQY309C672G5MBJ6MLVPGA0YJ,True,False,False,False,False,False,False,False,False,False,False,True,False,False
B009FX8ODI.jpg,B004CHGS2G.jpg,B0091QSKHE.jpg,B00BR20TRY.jpg,B00AODCC9U.jpg,B00A7DWWAQ.jpg,B007V0B9UC.jpg,B0076OEBY4.jpg,B00C18EV0E.jpg,B007WA3RBK.jpg,B006YZLWSE.jpg,B002Z7ETL2.jpg,B008AIKMD4.jpg,B006GHAY4S.jpg,B007WPHLTE.jpg,372AGES0JJPB6WW5U38W74F9W0FRX2,False,False,False,False,False,True,False,False,False,False,False,False,False,False
B00CHICR3G.jpg,B006ZVRIQM.jpg,B00AV4VOX2.jpg,B007U6KS0Y.jpg,B009D3M86O.jpg,B009OCNXE0.jpg,B009AZRPRM.jpg,B00DWPDCGY.jpg,B00B50Y9CO.jpg,B005X4RALA.jpg,B008E65YXU.jpg,B002Z7ETL2.jpg,B008AIKMD4.jpg,B006GHAY4S.jpg,B007WPHLTE.jpg,3HJ1EVZS333ZQYPRAE180OQ5P5F3RF,False,False,False,False,False,False,True,False,True,False,False,True,False,False
B00CBYG6VA.jpg,B0058XRPQQ.jpg,B009AG55Q4.jpg,B009XJMTSA.jpg,B00AODCC9U.jpg,B00A7DWWAQ.jpg,B007V0B9UC.jpg,B0076OEBY4.jpg,B00AELHLFC.jpg,B0027CTRNK.jpg,B00DZ02CJY.jpg,B005GYSR64.jpg,B008BG6R0W.jpg,B008AIKMD4.jpg,B008006CXG.jpg,3CRWSLD92ZOXF75LO4PJ2SU6E9BOM6,False,True,False,False,False,False,False,False,False,False,False,False,False,False
B005SGZXTY.jpg,B006ZWEMWE.jpg,B006ZWEMWE.jpg,B005SGZXTY.jpg,B00CGYK1MU.jpg,B007V0B9UC.jpg,B006UAPPP4.jpg,B009OCNXE0.jpg,B009D3M86O.jpg,B0094KQ1NC.jpg,B007WA3RBK.jpg,B006GHAY4S.jpg,B008ATH59C.jpg,B005X4RALA.jpg,B002Z7ETL2.jpg,3H6W48L9GJ9B5JB0768L0Q1NMGLWPM,False,True,True,False,False,False,False,True,False,False,False,True,False,False
B00F20KR4M.jpg,B008PRJ394.jpg,B006VNCKJE.jpg,B00FH7C5RC.jpg,B00AODCC9U.jpg,B006P044VU.jpg,B004CHGS2G.jpg,B002Z7ETL2.jpg,B002Z7ETL2.jpg,B00A2X6J78.jpg,B00BXX6XBS.jpg,B00DBDCQ7I.jpg,B008AIKMD4.jpg,B006GHAY4S.jpg,B007WPHLTE.jpg,341H3G5YGFYCBXCL18D2KTUXVAE0ZA,False,False,False,False,False,False,False,False,False,False,False,False,True,False
B004I3UEXS.jpg,B00763VKX0.jpg,B006YTLWLM.jpg,B007L3W3FE.jpg,B007V0B9UC.jpg,B006UAPPP4.jpg,B0092PKPKE.jpg,B008AIKMD4.jpg,B000FCY9XM.jpg,B00CWSNY24.jpg,B003725DKU.jpg,B00BYFESVM.jpg,B0080E53WI.jpg,B005GYSR64.jpg,B002DMJQTE.jpg,3XT3KXP25EILUI9Q3T5XTZ1YC0Y6IK,True,False,False,False,False,False,False,False,False,False,False,False,False,False
B00BYF3GVA.jpg,B005WNQOQ4.jpg,B00DSME58U.jpg,B0080646GU.jpg,B007V0B9UC.jpg,B00AODCC9U.jpg,B00A7DWWAQ.jpg,B007WPHLTE.jpg,B005N4L15G.jpg,B0036SHD1W.jpg,B0087D7OJ2.jpg,B005GYSR64.jpg,B005GT2DUK.jpg,B00DMEFORK.jpg,B008BG6R0W.jpg,3PKVGQTFJW4061MFZZUYQIMIY69RY8,False,False,True,False,False,False,False,False,False,False,False,False,False,False
B00F4MY4OW.jpg,B004ZWG4UE.jpg,B009D3M86O.jpg,B00ECLMIKS.jpg,B00AODCC9U.jpg,B006P044VU.jpg,B004CHGS2G.jpg,B002Z7ETL2.jpg,B002Z7ETL2.jpg,B0056F25J8.jpg,B006JVH5UC.jpg,B00DRIKVDI.jpg,B006GHAY4S.jpg,B008AIKMD4.jpg,B005X4RALA.jpg,3HFWPF5ALO3BRDP4P31DQYV1B7Y3S3,False,False,True,False,False,True,False,False,False,False,False,True,False,False
B00CGYK5K8.jpg,B0094QX5SK.jpg,B006UAPPP4.jpg,B00CGYK5K8.jpg,B007V0B9UC.jpg,B00AODCC9U.jpg,B00A7DWWAQ.jpg,B0076OEBY4.jpg,B006PDUYHU.jpg,B006ZWEMWE.jpg,B008P5453U.jpg,B006GHAY4S.jpg,B002Z7ETL2.jpg,B005X4RALA.jpg,B008ATH59C.jpg,3HXCEECSR1D98S869GOBCLOH7NSYZ8,True,False,False,False,False,False,False,False,False,False,False,False,False,False
B00AO1VG9Y.jpg,B00BUIF4YS.jpg,B006QSEC4K.jpg,B008YIG3DI.jpg,B00AODCC9U.jpg,B006P044VU.jpg,B004CHGS2G.jpg,B002Z7ETL2.jpg,B002Z7ETL2.jpg,B009CNGPHS.jpg,B008SOOLGE.jpg,B0071MJI0S.jpg,B008AIKMD4.jpg,B007WPHLTE.jpg,B009C6OMMK.jpg,3RDTX9JRUDLBNHUSI94CMK2ROLV973,False,True,False,False,False,False,False,False,False,False,False,False,False,False
B008596PSY.jpg,B004CHGS2G.jpg,B007904PDM.jpg,B00C2D4XA6.jpg,B009D3M86O.jpg,B009OCNXE0.jpg,B007V0B9UC.jpg,B006UAPPP4.jpg,B005SFZ6VU.jpg,B008E65YXU.jpg,B006YKWT18.jpg,B006GHAY4S.jpg,B002Z7ETL2.jpg,B005X4RALA.jpg,B008ATH59C.jpg,32FESTC2OWAFJQDR717EY2HJ2HVUC7,False,False,False,False,False,False,True,False,False,False,False,False,False,False
B005VTKJWO.jpg,B009QMD6UY.jpg,B0098XU33E.jpg,B00A2G31AS.jpg,B00AODCC9U.jpg,B00A7DWWAQ.jpg,B007V0B9UC.jpg,B0076OEBY4.jpg,B008SOOLGE.jpg,B00AFDJ0HG.jpg,B006TALF54.jpg,B002Z7ETL2.jpg,B006GHAY4S.jpg,B008AIKMD4.jpg,B005X4RALA.jpg,3NKW03WTM1RW5VCF7JNA0VRXRC7WQD,True,False,False,False,False,False,False,False,False,False,False,False,False,False
B008AEELZS.jpg,B004U4R8IE.jpg,B0079G6CXC.jpg,B00CR02CF2.jpg,B007V0B9UC.jpg,B006UAPPP4.jpg,B0092PKPKE.jpg,B008AIKMD4.jpg,B008BHSSMG.jpg,B008AEEMYS.jpg,B00AO3SNGQ.jpg,B00BYFESVM.jpg,B005GYSR64.jpg,B00DMEFORK.jpg,B0080E53WI.jpg,386659BNU01FG1RDTX4ASZALIV110M,False,False,False,False,False,False,False,False,False,False,False,False,False,False
B007WAT1H4.jpg,B006UAPPP4.jpg,B006UAPPP4.jpg,B0090JSF7W.jpg,B00CM3595Y.jpg,B007V0B9UC.jpg,B009OCNXE0.jpg,B009D3M86O.jpg,B007XD6AMO.jpg,B00CLDNZ1K.jpg,B007M8PCAQ.jpg,B006GHAY4S.jpg,B008ATH59C.jpg,B005X4RALA.jpg,B00740W2VY.jpg,341H3G5YGFYCBXCL18D2KTUXVADZ08,False,True,False,False,False,False,False,False,False,False,False,False,False,False
B009UJ5M7S.jpg,B00CE2GUYM.jpg,B008LE9FLM.jpg,B006ZKN7UY.jpg,B00AODCC9U.jpg,B006P044VU.jpg,B004CHGS2G.jpg,B002Z7ETL2.jpg,B008AEEMYS.jpg,B007L3WP5W.jpg,B004R9PFGE.jpg,B006GHAY4S.jpg,B008ATH59C.jpg,B005X4RALA.jpg,B00740W2VY.jpg,33N1S8XHI15CIMX3XRH2YYD702JZ1B,False,False,True,True,True,True,True,True,False,True,True,True,False,False
B0071NHF5W.jpg,B00DTWDHWO.jpg,B00A0AAD20.jpg,B00C3M1IAO.jpg,B007V0B9UC.jpg,B00A7DWWAQ.jpg,B00AODCC9U.jpg,B007WPHLTE.jpg,B000YLE1XM.jpg,B00F4O129A.jpg,B00D61ZCGW.jpg,B006GHAY4S.jpg,B008ATH59C.jpg,B005X4RALA.jpg,B002Z7ETL2.jpg,37SQU136WM8FNQCVPG8A64TVNN711P,False,True,False,False,False,False,False,False,False,False,False,False,False,False
B00B1VG358.jpg,B00595TNMM.jpg,B00APFDIYK.jpg,B00A784UKG.jpg,B009D3M86O.jpg,B009OCNXE0.jpg,B006UAPPP4.jpg,B009AZRPRM.jpg,B004OLGO24.jpg,B00968D8ZG.jpg,B00297BG7I.jpg,B006GHAY4S.jpg,B00CO9MVT8.jpg,B00740W2VY.jpg,B008ATH59C.jpg,3ROUCZ908UELFAQX1K4WUWJB99QOOL,False,False,False,False,True,True,False,False,False,False,False,True,False,False
B0063TUIB8.jpg,B0067IDDF8.jpg,B004LKRWRY.jpg,B00BY3GCD6.jpg,B009D3M86O.jpg,B009OCNXE0.jpg,B006UAPPP4.jpg,B009AZRPRM.jpg,B006ZWEMWE.jpg,B0094KQ1NC.jpg,B00B1AVTWG.jpg,B006GHAY4S.jpg,B002Z7ETL2.jpg,B005X4RALA.jpg,B008ATH59C.jpg,3R0WOCG221TPOIJ57X2PI8Z1NH7UD7,False,False,False,False,False,False,True,False,False,False,False,False,True,True
B008UD2EAS.jpg,B00AEW4384.jpg,B00FFDZT8K.jpg,B005GPQLO8.jpg,B00AODCC9U.jpg,B006P044VU.jpg,B004CHGS2G.jpg,B002Z7ETL2.jpg,B004AY7K1Y.jpg,B0087D7OJ2.jpg,B00E6RBFFC.jpg,B005GYSR64.jpg,B008BG6R0W.jpg,B008AIKMD4.jpg,B008006CXG.jpg,3F6045TU8S8F10ILX62W0GTXJBJ99F,True,False,False,False,False,False,True,False,False,False,True,True,True,False
B0076R88V8.jpg,B00BV46E9K.jpg,B00AV4VOX2.jpg,B008LCUUEK.jpg,B009D3M86O.jpg,B009OCNXE0.jpg,B006UAPPP4.jpg,B009AZRPRM.jpg,B00B50Y9CO.jpg,B00CQ9U2UQ.jpg,B00C12KACS.jpg,B006GHAY4S.jpg,B002Z7ETL2.jpg,B005X4RALA.jpg,B008ATH59C.jpg,3X7837UUBSIHPTTWLBQX50GYPFN6JW,False,True,False,False,False,False,False,True,False,False,False,True,False,False
B007RBIRK0.jpg,B003AQB1CM.jpg,B003725DKU.jpg,B006ZWEMWE.jpg,B00AODCC9U.jpg,B00A7DWWAQ.jpg,B006P044VU.jpg,B0076OEBY4.jpg,B000FCY9XM.jpg,B00CWSNY24.jpg,B008N05A40.jpg,B006GHAY4S.jpg,B008ATH59C.jpg,B005X4RALA.jpg,B002Z7ETL2.jpg,3TCFMTM8IT8MCBUR8K8OBN30FTL126,False,False,True,False,False,False,True,False,False,False,False,False,True,False
B008MNM7Y4.jpg,B006MWV676.jpg,B00E6RBFFC.jpg,B005GPQLO8.jpg,B007V0B9UC.jpg,B00A7DWWAQ.jpg,B00AODCC9U.jpg,B007WPHLTE.jpg,B007WPHLTE.jpg,B008E65YXU.jpg,B00BSMGUPI.jpg,B00CIZZ6EK.jpg,B002Z7ETL2.jpg,B008AIKMD4.jpg,B006GHAY4S.jpg,3P7QK0GJ485J77FZGVHG3HNCS8XZ2S,True,False,False,False,False,False,False,False,False,True,False,True,True,False
B00CW94CSS.jpg,B0084ZS2YO.jpg,B009414WQO.jpg,B0089DLVNA.jpg,B00AODCC9U.jpg,B00A7DWWAQ.jpg,B0076OEBY4.jpg,B006P044VU.jpg,B007ADFRHQ.jpg,B00342VIKW.jpg,B0098BVPIS.jpg,B008AIKMD4.jpg,B002Z7ETL2.jpg,B007WPHLTE.jpg,B009C6OMMK.jpg,31KSVEGZ4JCWHWRFKYCA5L12NY9WRE,False,False,False,False,False,False,False,False,False,False,False,True,True,False
B007959ZSW.jpg,B0079F8A8I.jpg,B00AEW4384.jpg,B007WASVRK.jpg,B007V0B9UC.jpg,B006UAPPP4.jpg,B0092PKPKE.jpg,B008AIKMD4.jpg,B00749W6HA.jpg,B00CF2VVJK.jpg,B0056F25J8.jpg,B005GYSR64.jpg,B00BYFESVM.jpg,B00DMEFORK.jpg,B005GT2DUK.jpg,3D17ECOUPTFBXTQACKMTUX8SL7L13H,False,True,True,True,False,True,False,False,False,False,True,True,False,False
B00CHS82BC.jpg,B003Z2TRN6.jpg,B00CFGYOE0.jpg,B007314UDM.jpg,B00AODCC9U.jpg,B00A7DWWAQ.jpg,B007V0B9UC.jpg,B0076OEBY4.jpg,B00B50Y9CO.jpg,B00C12KACS.jpg,B00DCC9ZJK.jpg,B005GYSR64.jpg,B00BYFESVM.jpg,B00DMEFORK.jpg,B005GT2DUK.jpg,3DA79LNS6OFC6D2JE36303RNDQC3TS,True,False,False,False,False,False,False,False,False,False,False,False,False,False
B004TM36ME.jpg,B00AOBCAXA.jpg,B004MW4Y9A.jpg,B007H12PCG.jpg,B009D3M86O.jpg,B009OCNXE0.jpg,B009AZRPRM.jpg,B00DWPDCGY.jpg,B000FCY9XM.jpg,B008AEEMYS.jpg,B0094DGGR0.jpg,B005GYSR64.jpg,B005GT2DUK.jpg,B00DMEFORK.jpg,B00BYFESVM.jpg,31GN6YMHM4C8IBRSZNCFVV6Y90SWS2,False,False,False,False,False,False,True,False,False,False,False,True,True,False
B007WASVRK.jpg,B00C1RFQA4.jpg,B009AG55Q4.jpg,B009AG55Q4.jpg,B0058XRPQQ.jpg,B007V0B9UC.jpg,B00AODCC9U.jpg,B00A7DWWAQ.jpg,B007WPHLTE.jpg,B0027CTRNK.jpg,B009JY6AIE.jpg,B006GHAY4S.jpg,B008ATH59C.jpg,B005X4RALA.jpg,B002Z7ETL2.jpg,39WICJI5B8C8SPBIKVVLMRS4YMXZ33,True,False,False,False,False,False,False,False,False,False,False,False,False,False
B007RBZ3GQ.jpg,B008RMIF5A.jpg,B007PAD51E.jpg,B00466ICP4.jpg,B00AODCC9U.jpg,B00A7DWWAQ.jpg,B006P044VU.jpg,B0076OEBY4.jpg,B0076ZYQ6G.jpg,B0087D7OJ2.jpg,B008HSGOKC.jpg,B005GYSR64.jpg,B008BG6R0W.jpg,B008AIKMD4.jpg,B008006CXG.jpg,38LRF35D60GR6QH8E8WD5ZDPW4J3UJ,False,True,False,True,False,True,False,False,False,False,False,False,False,True
B00CH50182.jpg,B00EPDRYQG.jpg,B00DGTZ7XM.jpg,B00A3UT8GE.jpg,B009D3M86O.jpg,B009OCNXE0.jpg,B009AZRPRM.jpg,B0067IDDF8.jpg,B00AGC26WM.jpg,B004T6S8ZK.jpg,B00AEW4384.jpg,B00BYFESVM.jpg,B005GYSR64.jpg,B00DMEFORK.jpg,B005GT2DUK.jpg,3Z56AA6ELJK7Q1ZHO83PLS8FT9I6M0,True,False,True,False,False,False,False,False,True,False,True,False,False,False
B0046Q4K6E.jpg,B00CQ9U2UQ.jpg,B00595TNMM.jpg,B00AV4VOX2.jpg,B00AODCC9U.jpg,B006P044VU.jpg,B004CHGS2G.jpg,B002Z7ETL2.jpg,B002Z7ETL2.jpg,B0046Q4K6E.jpg,B008EQ6AM4.jpg,B009NCHBBW.jpg,B006GHAY4S.jpg,B008AIKMD4.jpg,B005X4RALA.jpg,3JU8CV4BS0W30A2YGKHBJWO1JEMOP2,True,True,True,False,False,False,False,False,False,False,False,False,False,False
B00B90O740.jpg,B004QF0KO6.jpg,B008AIKMD4.jpg,B00A784UKG.jpg,B009D3M86O.jpg,B009OCNXE0.jpg,B006UAPPP4.jpg,B009AZRPRM.jpg,B00655A1TE.jpg,B006WQZGXC.jpg,B0082825YQ.jpg,B006GHAY4S.jpg,B00CO9MVT8.jpg,B00740W2VY.jpg,B008ATH59C.jpg,3P888QFVYIEO0M3DGXW0J1EBOA8OQT,False,False,False,False,False,False,False,False,False,False,False,False,False,False
B003M4Z9OS.jpg,B007C7JGSG.jpg,B008RDI8MO.jpg,B0094QX5SK.jpg,B00AODCC9U.jpg,B00A7DWWAQ.jpg,B007V0B9UC.jpg,B0076OEBY4.jpg,B0027CTRNK.jpg,B009JY6AIE.jpg,B00BSNJOS2.jpg,B006GHAY4S.jpg,B00CO9MVT8.jpg,B00740W2VY.jpg,B008ATH59C.jpg,3YOAVL4CBF1TALUMK904WWKACMTZ4O,False,False,False,False,False,False,False,False,False,False,False,False,False,False
B009E2E3QM.jpg,B008ZAD996.jpg,B007Q39QB8.jpg,B003WE9TNA.jpg,B00AODCC9U.jpg,B00A7DWWAQ.jpg,B0076OEBY4.jpg,B007V0B9UC.jpg,B0087D7OJ2.jpg,B001JDGNS0.jpg,B007HZAFSI.jpg,B008AIKMD4.jpg,B002Z7ETL2.jpg,B007WPHLTE.jpg,B009C6OMMK.jpg,338431Z1G0ZOCNIDTCL0OROGKWAORU,True,True,False,False,False,False,False,True,False,False,False,False,True,False
B005LJDKHA.jpg,B005GPQLO8.jpg,B00E6RBFFC.jpg,B009COQRZW.jpg,B006P044VU.jpg,B00AODCC9U.jpg,B004CHGS2G.jpg,B0091QSKHE.jpg,B0076ZYQ6G.jpg,B0087D7OJ2.jpg,B008HSGOKC.jpg,B005GYSR64.jpg,B005GT2DUK.jpg,B00DMEFORK.jpg,B00BYFESVM.jpg,3SMIWMMK7GPOXOJWOS7FAWOMUXDWUI,False,False,False,False,False,False,False,False,True,False,False,True,False,False
B00530FEEY.jpg,B008VPX9BS.jpg,B007IGI7UO.jpg,B008ICQU24.jpg,B007V0B9UC.jpg,B006UAPPP4.jpg,B0092PKPKE.jpg,B008AIKMD4.jpg,B001NIYDSS.jpg,B005ZXS03G.jpg,B00H15C73K.jpg,B006GHAY4S.jpg,B002Z7ETL2.jpg,B008ATH59C.jpg,B005X4RALA.jpg,3QGTX7BCI4MB64YMYEJE1OQOCIOZ5T,False,False,True,False,False,False,False,False,True,False,False,False,False,False
B0080N9HNU.jpg,B008OKGFF2.jpg,B008XOXVBU.jpg,B008PHQ8II.jpg,B009D3M86O.jpg,B009OCNXE0.jpg,B006UAPPP4.jpg,B009AZRPRM.jpg,B001QCXH4W.jpg,B008OY314G.jpg,B0080N9HNU.jpg,B006GHAY4S.jpg,B002Z7ETL2.jpg,B005X4RALA.jpg,B008ATH59C.jpg,3M67TQBQRW8T6JSQPCGWWB4HPT19AU,False,False,False,True,False,False,False,False,False,True,False,False,True,False
B008F48SN4.jpg,B007TUECJ4.jpg,B008YIZM80.jpg,B008ODSK5M.jpg,B00AODCC9U.jpg,B00A7DWWAQ.jpg,B0076OEBY4.jpg,B006P044VU.jpg,B007L3W3FE.jpg,B0069TD8DW.jpg,B0094DGGR0.jpg,B00BYFESVM.jpg,B005GYSR64.jpg,B00DMEFORK.jpg,B0080E53WI.jpg,39AYGO6AGU4D8JKH09IPY7XFYZS6N0,False,False,True,False,False,False,False,False,True,False,True,False,False,False
B00AYWXQ9Q.jpg,B009HK2P2A.jpg,B009HK2P2A.jpg,B00AYWXQ9Q.jpg,B00AYWXQ9Q.jpg,B00APYBFPK.jpg,B00APYBFPK.jpg,B007V0B9UC.jpg,B006UAPPP4.jpg,B008AIKMD4.jpg,B0092PKPKE.jpg,B00BYFESVM.jpg,B005GYSR64.jpg,B00DMEFORK.jpg,B0080E53WI.jpg,32TZXEA1P04WFP9ECYRC420YZ7H142,False,False,True,False,False,False,True,False,False,False,False,True,False,False
B00CL0VWTA.jpg,B00C01N5K4.jpg,B0036SHD1W.jpg,B008YIGWOS.jpg,B007V0B9UC.jpg,B006UAPPP4.jpg,B008AIKMD4.jpg,B0092PKPKE.jpg,B0087D7OJ2.jpg,B006TALF54.jpg,B0076IKR66.jpg,B006GHAY4S.jpg,B008ATH59C.jpg,B005X4RALA.jpg,B002Z7ETL2.jpg,3MDWE879VWMYPTXIVQGSRMON7BM9BP,False,True,False,False,False,False,False,False,False,False,False,False,False,False
B009T74R2C.jpg,B00EEERGP0.jpg,B00EEERGP0.jpg,B00DTWDHWO.jpg,B00FH7C5RC.jpg,B00AODCC9U.jpg,B006P044VU.jpg,B004CHGS2G.jpg,B002Z7ETL2.jpg,B002Z7ETL2.jpg,B007XD5XH2.jpg,B009LEFR4A.jpg,B006GHAY4S.jpg,B005X4RALA.jpg,B008ATH59C.jpg,3IZVJEBJ7P47P8Y03XTJTU4O8DZZ69,False,False,False,False,False,False,False,True,False,False,False,False,False,False
B00BPTPJ38.jpg,B004CHGS2G.jpg,B0091QSKHE.jpg,B00F4O129A.jpg,B009D3M86O.jpg,B009OCNXE0.jpg,B009AZRPRM.jpg,B006UAPPP4.jpg,B001QCXH4W.jpg,B0062OUFZ8.jpg,B009HPIG00.jpg,B005GYSR64.jpg,B008BG6R0W.jpg,B005GT2DUK.jpg,B008AIKMD4.jpg,311HQEI8S70QT8C5M7YBZ84K3OJZ78,True,False,False,True,False,False,True,False,True,False,True,False,True,False
B0047MEZNK.jpg,B00AV4VOX2.jpg,B00CLF9APS.jpg,B00BY3R17W.jpg,B007V0B9UC.jpg,B006UAPPP4.jpg,B009OCNXE0.jpg,B009D3M86O.jpg,B004OLGO24.jpg,B00CQ9U2UQ.jpg,B00297BG7I.jpg,B006GHAY4S.jpg,B002Z7ETL2.jpg,B005X4RALA.jpg,B008ATH59C.jpg,33NOQL7TA3JUTMHOWCQHD80FE8PZ8V,,,,,,,,,,,,,,
B008VPX9BS.jpg,B0095T312Q.jpg,B003B00592.jpg,B004A7XTUC.jpg,B00AODCC9U.jpg,B006P044VU.jpg,B004CHGS2G.jpg,B002Z7ETL2.jpg,B008LQU49W.jpg,B00F4O129A.jpg,B007M8PCAQ.jpg,B005GYSR64.jpg,B005GT2DUK.jpg,B00DMEFORK.jpg,B008BG6R0W.jpg,336OE47KJH4OA38WTIHK6IQ584MWV7,,,,,,,,,,,,,,
B005VU87VI.jpg,B006UAPPP4.jpg,B008A54HPG.jpg,B0084YMCBY.jpg,B007V0B9UC.jpg,B007WPHLTE.jpg,B008AIKMD4.jpg,B008AIKMD4.jpg,B00A7DWWAQ.jpg,B0076R88V8.jpg,B00B1VG358.jpg,B00CELOWN4.jpg,B002Z7ETL2.jpg,B006GHAY4S.jpg,B005X4RALA.jpg,3UZUVSO3QMFB3GSWUQMNXG0SA47EMO,False,True,False,False,False,False,False,False,True,False,False,False,False,True
B00CTKTIQ6.jpg,B008SOEUGK.jpg,B0075BEF4O.jpg,B007H12PCG.jpg,B00AODCC9U.jpg,B006P044VU.jpg,B00A7DWWAQ.jpg,B0076OEBY4.jpg,B007L3W3FE.jpg,B009LEFR4A.jpg,B00BL9CN0E.jpg,B00BYFESVM.jpg,B005GYSR64.jpg,B00DMEFORK.jpg,B005GT2DUK.jpg,3VLL1PIEO58XEE443TFDAUQFTAUZOT,False,False,False,False,False,False,False,True,False,True,False,False,False,True
B008OVNLDU.jpg,B006MWV676.jpg,B00DBCUIJM.jpg,B00E6RBFFC.jpg,B00AODCC9U.jpg,B006P044VU.jpg,B00A7DWWAQ.jpg,B0076OEBY4.jpg,B00DRIKVDI.jpg,B0056F25J8.jpg,B00466F2W0.jpg,B005GYSR64.jpg,B00BYFESVM.jpg,B00DMEFORK.jpg,B005GT2DUK.jpg,31KSVEGZ4JCWHWRFKYCA5L12NVAWR9,False,False,True,True,False,False,True,True,False,False,True,False,True,False
B007XD6SPI.jpg,B004CHGS2G.jpg,B0091QSKHE.jpg,B00AT9JFQC.jpg,B009D3M86O.jpg,B009OCNXE0.jpg,B009AZRPRM.jpg,B00DWPDCGY.jpg,B008N05A40.jpg,B006YZLWSE.jpg,B00B5VXRTO.jpg,B006GHAY4S.jpg,B002Z7ETL2.jpg,B005X4RALA.jpg,B008ATH59C.jpg,31GN6YMHM4C8IBRSZNCFVV6Y9XTWSX,False,False,False,False,False,True,False,False,False,False,False,True,False,False
B009LGQ9EA.jpg,B0095T312Q.jpg,B005FSIX5G.jpg,B003B00592.jpg,B00AODCC9U.jpg,B006P044VU.jpg,B004CHGS2G.jpg,B002Z7ETL2.jpg,B002Z7ETL2.jpg,B00466F2W0.jpg,B00DRIKVDI.jpg,B0056F25J8.jpg,B008AIKMD4.jpg,B007WPHLTE.jpg,B009C6OMMK.jpg,3DIIW4IV94F7FV5CK5CIW1HKG6T4IS,False,True,False,False,False,False,True,True,False,False,False,True,False,False
B00AYXA3U0.jpg,B0063TUIB8.jpg,B004JU1ULU.jpg,B004LKRWRY.jpg,B007V0B9UC.jpg,B006UAPPP4.jpg,B008AIKMD4.jpg,B008AIKMD4.jpg,B0092PKPKE.jpg,B00BM1IJ18.jpg,B00F150ZXQ.jpg,B00E0IXSKC.jpg,B006GHAY4S.jpg,B002Z7ETL2.jpg,B005X4RALA.jpg,3J9L0X0VEU6QDWVTQHCOE018H959W0,True,False,True,True,False,True,True,True,False,False,False,False,False,False
B005QN26TE.jpg,B004VQBVOI.jpg,B006MWV676.jpg,B005QSQX52.jpg,B00AODCC9U.jpg,B00A7DWWAQ.jpg,B007V0B9UC.jpg,B0076OEBY4.jpg,B00F4O129A.jpg,B005X4RALA.jpg,B005X4RALA.jpg,B00ET5HWBM.jpg,B006GHAY4S.jpg,B002Z7ETL2.jpg,B008ATH59C.jpg,3PR3LXCWTUJ52W0J0M8AGJFFQBB9XT,False,False,False,False,False,False,False,False,False,False,False,True,False,False
B0054N0S6E.jpg,B005EOD18K.jpg,B007XCGZNY.jpg,B006QSEC4K.jpg,B00AODCC9U.jpg,B00A7DWWAQ.jpg,B006P044VU.jpg,B0076OEBY4.jpg,B008BHSSMG.jpg,B00AO3SNGQ.jpg,B007L3W3FE.jpg,B00BYFESVM.jpg,B005GYSR64.jpg,B00DMEFORK.jpg,B0080E53WI.jpg,379OL9DBT7YU21QT5IUCZXMOSH59YZ,False,True,False,False,False,False,False,True,False,False,False,False,True,False
B007423G7Q.jpg,B006UAPPP4.jpg,B006UAPPP4.jpg,B0094QX5SK.jpg,B004LKRWGA.jpg,B009D3M86O.jpg,B009OCNXE0.jpg,B007V0B9UC.jpg,B00ET5HWBM.jpg,B00CY914W8.jpg,B00968D8ZG.jpg,B002Z7ETL2.jpg,B008AIKMD4.jpg,B006GHAY4S.jpg,B007WPHLTE.jpg,3ODOP6T3B7434ARAV2RQ9LA3RAW24F,False,True,False,False,False,True,False,False,True,False,False,False,False,False
B001EA86KQ.jpg,B00598QDJK.jpg,B00C01N5K4.jpg,B00A2G31AS.jpg,B00AODCC9U.jpg,B007V0B9UC.jpg,B00A7DWWAQ.jpg,B0076OEBY4.jpg,B002VECPU6.jpg,B00BXS8A3M.jpg,B009CNGPHS.jpg,B006GHAY4S.jpg,B008ATH59C.jpg,B005X4RALA.jpg,B002Z7ETL2.jpg,3G57RS03IWPL0TVA97A0EDGHR6R25K,True,False,False,False,False,False,True,False,False,True,False,True,False,True
B004S35CWG.jpg,B00ANOMIQ2.jpg,B00EDSJG2I.jpg,B0036DE0R2.jpg,B007V0B9UC.jpg,B00A7DWWAQ.jpg,B007WPHLTE.jpg,B00AODCC9U.jpg,B004OLGO24.jpg,B00297BG7I.jpg,B008A1X87S.jpg,B00BYFESVM.jpg,B005GYSR64.jpg,B00DMEFORK.jpg,B005GT2DUK.jpg,32204AGABQWNVGNC9OWY5ED86YNHGZ,True,True,False,False,False,False,False,False,False,False,False,False,False,False
B0075BEF4O.jpg,B008MJWKAE.jpg,B007F7OJ8K.jpg,B004U4R8IE.jpg,B007V0B9UC.jpg,B006UAPPP4.jpg,B009OCNXE0.jpg,B009D3M86O.jpg,B008LFKSF8.jpg,B00AHOYKVO.jpg,B0076R5V0E.jpg,B005GYSR64.jpg,B008BG6R0W.jpg,B005GT2DUK.jpg,B00CLV8QQ6.jpg,3D4BBDG70WGVKW08SHBDBTRJP1DC3D,False,False,False,True,False,False,False,False,False,False,False,False,True,False
B004AVK514.jpg,B008XOXVBU.jpg,B008LCUUEK.jpg,B008OKGFF2.jpg,B008OKGFF2.jpg,B007V0B9UC.jpg,B006UAPPP4.jpg,B009OCNXE0.jpg,B009D3M86O.jpg,B00ET5HWBM.jpg,B00CY914W8.jpg,B006GHAY4S.jpg,B002Z7ETL2.jpg,B005X4RALA.jpg,B008ATH59C.jpg,344M16OZLXZHLYDW6R1NAVPSFUHENO,True,True,True,False,False,False,False,False,True,False,False,False,False,False
B00ETGEI1I.jpg,B009MIRC6Q.jpg,B00C3M1IAO.jpg,B005KILV0A.jpg,B007V0B9UC.jpg,B00A7DWWAQ.jpg,B00AODCC9U.jpg,B007WPHLTE.jpg,B00DRIKVDI.jpg,B0056F25J8.jpg,B008UWENTO.jpg,B006GHAY4S.jpg,B002Z7ETL2.jpg,B005X4RALA.jpg,B008ATH59C.jpg,3NRZ1LDP8BQFZEG5ITSSZUV53FQZPA,False,True,False,False,False,False,False,False,False,False,False,False,False,False
B00498CQ9M.jpg,B00GCR5OPG.jpg,B009D3M86O.jpg,B00ECLMIKS.jpg,B00AODCC9U.jpg,B006P044VU.jpg,B004CHGS2G.jpg,B002Z7ETL2.jpg,B00H15C73K.jpg,B00CIZZ6EK.jpg,B00E6RBFFC.jpg,B005GYSR64.jpg,B005GT2DUK.jpg,B008BG6R0W.jpg,B00DMEFORK.jpg,3PUOXASB6MNU7R0Y14WVD4VQYB99ZQ,False,False,False,False,False,False,False,False,False,False,False,False,False,False
B004MDL5IC.jpg,B00E0OSMS4.jpg,B004JU1ULU.jpg,B0063TUIB8.jpg,B007V0B9UC.jpg,B007WPHLTE.jpg,B00A7DWWAQ.jpg,B008AIKMD4.jpg,B007WA3RBK.jpg,B00C18EV0E.jpg,B008XKC00W.jpg,B006GHAY4S.jpg,B008ATH59C.jpg,B005X4RALA.jpg,B002Z7ETL2.jpg,3T5ZXGO9ET80ZQHKI67HZZLF8BCZQ1,False,True,False,False,False,False,False,False,False,False,False,False,False,False
B0009VT6MI.jpg,B0060Q8032.jpg,B00A3UT8GE.jpg,B00AEW4384.jpg,B007V0B9UC.jpg,B007WPHLTE.jpg,B006UAPPP4.jpg,B008AIKMD4.jpg,B00H15C73K.jpg,B00CIZZ6EK.jpg,B004AY7K1Y.jpg,B006GHAY4S.jpg,B002Z7ETL2.jpg,B005X4RALA.jpg,B008ATH59C.jpg,3L60IFZKGI21VCINTUEGQEP9LY0HHY,True,False,False,False,False,False,False,False,False,False,False,False,True,False
B0091GQUE4.jpg,B0038JE7LI.jpg,B007TYKJ42.jpg,B006QSEC4K.jpg,B007V0B9UC.jpg,B006UAPPP4.jpg,B009OCNXE0.jpg,B009D3M86O.jpg,B0076R5V0E.jpg,B008J3LWG6.jpg,B007L3W3FE.jpg,B00BYFESVM.jpg,B005GYSR64.jpg,B00DMEFORK.jpg,B005GT2DUK.jpg,375VSR8FWBT0BRWKVLWH4PVK4XEZR2,True,True,False,False,False,False,False,False,False,False,False,False,False,False
B009AG55Q4.jpg,B009X6E9E0.jpg,B00DR3TRJ2.jpg,B009VUUMBW.jpg,B00AODCC9U.jpg,B00A7DWWAQ.jpg,B0076OEBY4.jpg,B006P044VU.jpg,B0027CTRNK.jpg,B009JY6AIE.jpg,B00ABSUHMC.jpg,B006GHAY4S.jpg,B00CO9MVT8.jpg,B00740W2VY.jpg,B008ATH59C.jpg,32W3UF2E035G2SJCSVGWLYJP319C4Y,True,False,False,False,False,False,False,False,False,False,False,False,False,False
B00387EZGM.jpg,B004GGSFK6.jpg,B009Q25IYG.jpg,B007U6KS0Y.jpg,B009D3M86O.jpg,B009OCNXE0.jpg,B009AZRPRM.jpg,B00DWPDCGY.jpg,B008AEEMYS.jpg,B0094DGGR0.jpg,B00AO3SNGQ.jpg,B005GYSR64.jpg,B008BG6R0W.jpg,B008AIKMD4.jpg,B008006CXG.jpg,39WSF6KUWH5Z3JD87610PKPX54MEO3,False,False,False,False,False,False,False,False,False,False,False,False,False,True
B00BHPLQSC.jpg,B0063TUIB8.jpg,B007REBDNK.jpg,B006J3YCOC.jpg,B007V0B9UC.jpg,B00AODCC9U.jpg,B00A7DWWAQ.jpg,B007WPHLTE.jpg,B007WA3RBK.jpg,B008XKC00W.jpg,B00BI3CY4S.jpg,B006GHAY4S.jpg,B002Z7ETL2.jpg,B005X4RALA.jpg,B008ATH59C.jpg,3XBYQ44Z74O9XB47ONH5502KBG7WTM,False,True,False,False,False,False,False,True,False,False,False,False,False,True
B009B8RMZI.jpg,B00466ICP4.jpg,B00AIIQLNO.jpg,B00499DHK8.jpg,B00AODCC9U.jpg,B00A7DWWAQ.jpg,B006P044VU.jpg,B0076OEBY4.jpg,B00466F2W0.jpg,B008AEEHA2.jpg,B002Z7FONO.jpg,B006GHAY4S.jpg,B002Z7ETL2.jpg,B008ATH59C.jpg,B005X4RALA.jpg,3126F2F5GNNHOJP9M6EFEKUNF9IEPK,False,False,True,False,False,False,True,False,False,False,False,False,False,True
B0080646GU.jpg,B00C3M1IAO.jpg,B004Q9T840.jpg,B00A0AAD20.jpg,B009D3M86O.jpg,B009OCNXE0.jpg,B006UAPPP4.jpg,B007V0B9UC.jpg,B009LEFR4A.jpg,B004S4ZD1K.jpg,B006ZVRIQM.jpg,B005GYSR64.jpg,B00BYFESVM.jpg,B00DMEFORK.jpg,B005GT2DUK.jpg,3IWA71V4UX0IKDYL2F5YW9OD0A36XF,False,False,False,False,False,False,True,False,False,False,False,False,False,False
B004T90LFM.jpg,B008VPX9BS.jpg,B004NG9V2U.jpg,B006G35WJY.jpg,B007V0B9UC.jpg,B00A7DWWAQ.jpg,B00AODCC9U.jpg,B007WPHLTE.jpg,B00CIZZ6EK.jpg,B0056F25J8.jpg,B00H15C73K.jpg,B006GHAY4S.jpg,B002Z7ETL2.jpg,B008AIKMD4.jpg,B005X4RALA.jpg,37G6BXQPM552OVQOMJT4EPKXK54EQB,False,False,False,False,False,True,False,True,False,False,False,True,False,False
B00B95R792.jpg,B004CHGS2G.jpg,B0091QSKHE.jpg,B0046Q2FCK.jpg,B009D3M86O.jpg,B009OCNXE0.jpg,B006UAPPP4.jpg,B007V0B9UC.jpg,B006ZWEMWE.jpg,B000FCY9XM.jpg,B008N05A40.jpg,B006GHAY4S.jpg,B008ATH59C.jpg,B005X4RALA.jpg,B002Z7ETL2.jpg,38O9DZ0A7H7HJXVOEQK56JUHN12260,False,False,False,False,True,False,True,False,False,False,False,True,False,False
B001VZ6H5U.jpg,B005SGZXTY.jpg,B0063TUIB8.jpg,B008HSX5ZO.jpg,B007V0B9UC.jpg,B00AODCC9U.jpg,B00A7DWWAQ.jpg,B007WPHLTE.jpg,B006ZWEMWE.jpg,B00BISLTIK.jpg,B00AFX3FQ8.jpg,B006GHAY4S.jpg,B002Z7ETL2.jpg,B008ATH59C.jpg,B005X4RALA.jpg,30EV7DWJUAF7KIOV7BR0FNVM2GX6YL,True,False,False,True,False,False,True,False,False,False,False,False,False,False
B005FOPRRW.jpg,B005FSIX5G.jpg,B0087YZMHW.jpg,B0095T312Q.jpg,B006P044VU.jpg,B00AODCC9U.jpg,B004CHGS2G.jpg,B002Z7ETL2.jpg,B009C6OMMK.jpg,B0087D7OJ2.jpg,B007JLP1DE.jpg,B00BYFESVM.jpg,B005GYSR64.jpg,B00DMEFORK.jpg,B005GT2DUK.jpg,3IZVJEBJ7P47P8Y03XTJTU4O8A16ZC,False,False,False,False,False,False,False,True,False,False,False,False,False,False
B0071MSFCU.jpg,B00ECLMIKS.jpg,B00GCR5OPG.jpg,B009D3M86O.jpg,B007V0B9UC.jpg,B00A7DWWAQ.jpg,B00AODCC9U.jpg,B007WPHLTE.jpg,B00H15C73K.jpg,B00749W6HA.jpg,B0087D7OJ2.jpg,B006GHAY4S.jpg,B008ATH59C.jpg,B005X4RALA.jpg,B002Z7ETL2.jpg,3LG268AV4NQ20W5OZYI4JFU2GR6ERC,False,False,True,False,False,True,False,False,False,False,False,True,False,False
B00BJSECVA.jpg,B00A7DWWAQ.jpg,B0091QSKHE.jpg,B003ILIR4E.jpg,B009D3M86O.jpg,B009OCNXE0.jpg,B009AZRPRM.jpg,B006UAPPP4.jpg,B007WA4020.jpg,B008AEEMYS.jpg,B008N05A40.jpg,B006GHAY4S.jpg,B002Z7ETL2.jpg,B005X4RALA.jpg,B008ATH59C.jpg,371Q3BEXEWTCC6WXAAWMUZ0GQZXZSQ,True,False,True,False,True,True,False,True,False,False,False,True,True,False
B00BPIUJCA.jpg,B004CHGS2G.jpg,B0091QSKHE.jpg,B00AWM5REK.jpg,B007V0B9UC.jpg,B00A7DWWAQ.jpg,B007WPHLTE.jpg,B007WPHLTE.jpg,B00AODCC9U.jpg,B0056F25J8.jpg,B00CIZZ6EK.jpg,B00DRIKVDI.jpg,B002Z7ETL2.jpg,B008AIKMD4.jpg,B006GHAY4S.jpg,3DWNFENNFIF3A6PI2NXI82WKTLI4J4,False,True,False,False,False,False,False,False,False,False,False,False,False,False
B004VQBVOI.jpg,B007WPHLTE.jpg,B00AEW4384.jpg,B006MWV676.jpg,B007V0B9UC.jpg,B006UAPPP4.jpg,B008AIKMD4.jpg,B008AIKMD4.jpg,B0092PKPKE.jpg,B0087D7OJ2.jpg,B001JDGNS0.jpg,B007HZAFSI.jpg,B002Z7ETL2.jpg,B006GHAY4S.jpg,B005X4RALA.jpg,3UOMW19E7SQYYBNC60Z6QQP33X4C53,True,False,False,False,False,False,False,False,False,False,False,False,False,False
B00AW7ZRM2.jpg,B004QF0KO6.jpg,B00CD8JH9M.jpg,B00EJVX38C.jpg,B007V0B9UC.jpg,B00A7DWWAQ.jpg,B007WPHLTE.jpg,B00AODCC9U.jpg,B00D8YT7LS.jpg,B0061IXDTU.jpg,B008HRLQ60.jpg,B005GYSR64.jpg,B008BG6R0W.jpg,B005GT2DUK.jpg,B00CLV8QQ6.jpg,3LCXHSGDM8QE1B51ENI99PZY2TPES0,False,False,False,False,False,False,False,True,False,False,False,False,True,False
B00740T5PK.jpg,B00AEW4384.jpg,B0052B66GY.jpg,B006MWV676.jpg,B00AODCC9U.jpg,B006P044VU.jpg,B004CHGS2G.jpg,B002Z7ETL2.jpg,B002Z7ETL2.jpg,B00H15C73K.jpg,B00E6RBFFC.jpg,B0056F25J8.jpg,B006GHAY4S.jpg,B008AIKMD4.jpg,B005X4RALA.jpg,31D0ZWOD1PJBAP4DPGX3303OMM8A0E,True,False,False,False,False,False,True,True,False,False,False,False,False,False
B002JZIO02.jpg,B007ZDYK2E.jpg,B003BT62A4.jpg,B005FSIX5G.jpg,B00AODCC9U.jpg,B00A7DWWAQ.jpg,B006P044VU.jpg,B0076OEBY4.jpg,B006JVH5UC.jpg,B008VFX1IE.jpg,B005FOPRRW.jpg,B006GHAY4S.jpg,B002Z7ETL2.jpg,B005X4RALA.jpg,B008AIKMD4.jpg,3P6ENY9P8OG1R7T7ZCW1QQQOLBFHIR,True,True,True,True,False,False,False,False,True,False,False,False,False,False
B00BTT3R0Q.jpg,B0063TUIB8.jpg,B0066U2DH6.jpg,B009LJ8W4W.jpg,B007V0B9UC.jpg,B006UAPPP4.jpg,B007WPHLTE.jpg,B008AIKMD4.jpg,B008AEEMYS.jpg,B0094DGGR0.jpg,B00BM1IJ18.jpg,B005GYSR64.jpg,B005GT2DUK.jpg,B00DMEFORK.jpg,B00BYFESVM.jpg,33W1NHWFZW5DR69CZA1C44W2SIBZTF,True,False,False,False,False,False,False,False,True,True,False,False,False,False
B0018PWU7C.jpg,B007Q39QB8.jpg,B009C6OO8C.jpg,B007RUZ66E.jpg,B007V0B9UC.jpg,B00AODCC9U.jpg,B00A7DWWAQ.jpg,B007WPHLTE.jpg,B00BI3CY4S.jpg,B008AEEHA2.jpg,B003ILIR4E.jpg,B006GHAY4S.jpg,B002Z7ETL2.jpg,B005X4RALA.jpg,B008ATH59C.jpg,36KM3FWE46WTRN6FIDLJT91YLE270K,True,False,False,False,False,False,False,False,False,False,False,False,False,False
B0043M5PCY.jpg,B0078JAST4.jpg,B00466ICP4.jpg,B009OCNXE0.jpg,B00AODCC9U.jpg,B00A7DWWAQ.jpg,B006P044VU.jpg,B0076OEBY4.jpg,B0051N2MOI.jpg,B006MQRRAW.jpg,B008A4RNR6.jpg,B005GYSR64.jpg,B00BYFESVM.jpg,B00DMEFORK.jpg,B005GT2DUK.jpg,3RQVKZ7ZSZ30NX9TX0PXCXUDICM27Z,True,False,False,False,False,False,True,True,False,False,False,False,False,False
B00COYGYPU.jpg,B007VP2AIC.jpg,B0099DCINQ.jpg,B00AV4VOX2.jpg,B007V0B9UC.jpg,B006UAPPP4.jpg,B007WPHLTE.jpg,B008AIKMD4.jpg,B008AIKMD4.jpg,B008AEEMYS.jpg,B0094DGGR0.jpg,B008BHSSMG.jpg,B005GYSR64.jpg,B008BG6R0W.jpg,B005GT2DUK.jpg,3R16PJFTTIBYLQV0K8XU9HWX8AI4K3,True,False,False,False,False,False,True,True,False,False,False,False,True,False
B005YUC6B2.jpg,B008PF2EHE.jpg,B0095T312Q.jpg,B009OCNXE0.jpg,B007V0B9UC.jpg,B00AODCC9U.jpg,B00A7DWWAQ.jpg,B007WPHLTE.jpg,B00DOJ28UY.jpg,B0071MJI0S.jpg,B007TUE48S.jpg,B005GYSR64.jpg,B008BG6R0W.jpg,B008AIKMD4.jpg,B008006CXG.jpg,3Y7LTZE0Z86SRJO1ZFRM90I4BWIZU6,False,False,False,False,False,False,False,True,False,False,False,False,False,False
B009JY687M.jpg,B008PHQ8II.jpg,B0030EHJCU.jpg,B0036MEL4U.jpg,B007V0B9UC.jpg,B007WPHLTE.jpg,B006UAPPP4.jpg,B008AIKMD4.jpg,B008AIKMD4.jpg,B006ZWEMWE.jpg,B00AYR2L4M.jpg,B00D9BZR4Q.jpg,B002Z7ETL2.jpg,B006GHAY4S.jpg,B005X4RALA.jpg,39RRBHZ0B9LS4YD1451R5MKNP3RZVV,False,False,False,True,False,False,False,False,True,False,False,False,True,False
B009OB2OJ6.jpg,B0043D2HME.jpg,B0036SHD1W.jpg,B00E6RBFFC.jpg,B007V0B9UC.jpg,B00AODCC9U.jpg,B00A7DWWAQ.jpg,B007WPHLTE.jpg,B008E65YXU.jpg,B006G35WJY.jpg,B00BSMGUPI.jpg,B00BYFESVM.jpg,B005GYSR64.jpg,B00DMEFORK.jpg,B005GT2DUK.jpg,3H781YYV782FGBIG3NNZJUVK4C3ETP,False,False,False,False,False,False,False,False,True,False,False,False,False,False
B00APER4ZK.jpg,B008ZAD996.jpg,B005N4L15G.jpg,B00BBW9YWQ.jpg,B00AODCC9U.jpg,B006P044VU.jpg,B004CHGS2G.jpg,B002Z7ETL2.jpg,B008RMIF5A.jpg,B002YX0KZ6.jpg,B00AEW4384.jpg,B00BYFESVM.jpg,B005GYSR64.jpg,B00DMEFORK.jpg,B005GT2DUK.jpg,3SMIWMMK7GPOXOJWOS7FAWOMUUEWUD,False,False,True,False,False,False,False,False,True,False,False,False,False,False
B0029YQQYE.jpg,B00595TNMM.jpg,B0092QWVQO.jpg,B00APFDIYK.jpg,B007V0B9UC.jpg,B006UAPPP4.jpg,B008AIKMD4.jpg,B007WPHLTE.jpg,B004OLGO24.jpg,B00297BG7I.jpg,B00H1Z5KKC.jpg,B006GHAY4S.jpg,B008ATH59C.jpg,B005X4RALA.jpg,B002Z7ETL2.jpg,30ZKOOGW3BQBHEPVLZ13H5MYREEA1H,False,False,False,False,False,False,False,False,False,False,False,False,False,False
B008ZYZ3EG.jpg,B00BV46E9K.jpg,B00AV4VOX2.jpg,B00BY3R17W.jpg,B009D3M86O.jpg,B009OCNXE0.jpg,B006UAPPP4.jpg,B007V0B9UC.jpg,B008A1X87S.jpg,B008OY314G.jpg,B006VA06KW.jpg,B006GHAY4S.jpg,B008ATH59C.jpg,B005X4RALA.jpg,B002Z7ETL2.jpg,336OE47KJH4OA38WTIHK6IQ581NWV2,True,True,False,True,False,True,False,False,True,False,True,True,False,False
B0016CHUWW.jpg,B00E6RBFFC.jpg,B00AHOY8H0.jpg,B00AEW4384.jpg,B007V0B9UC.jpg,B006UAPPP4.jpg,B007WPHLTE.jpg,B007WPHLTE.jpg,B008AIKMD4.jpg,B008AIKMD4.jpg,B00BLCXBA2.jpg,B00DRIKVDI.jpg,B0056F25J8.jpg,B002Z7ETL2.jpg,B009C6OMMK.jpg,3TC2K6WKAVM4NBEC75H3QXQ8TWS28M,False,False,False,True,False,False,False,False,False,False,False,False,False,False
B00CEO4ETI.jpg,B001157SXU.jpg,B00F150ZXQ.jpg,B00BWPEAP8.jpg,B009D3M86O.jpg,B009OCNXE0.jpg,B009AZRPRM.jpg,B0067IDDF8.jpg,B009HPIG00.jpg,B0062OUFZ8.jpg,B0071UPNJ0.jpg,B008AIKMD4.jpg,B002Z7ETL2.jpg,B007WPHLTE.jpg,B009C6OMMK.jpg,3FJ2RVH26EQ41GXMCXNHQTLJD2A29B,False,False,False,False,False,False,False,False,False,False,False,False,True,False
B006ZO6A0O.jpg,B00C01N5K4.jpg,B008QZEOWG.jpg,B005EOD18K.jpg,B007V0B9UC.jpg,B006UAPPP4.jpg,B008AIKMD4.jpg,B0092PKPKE.jpg,B00DRIKVDI.jpg,B00CJQI0I2.jpg,B00F55FSWK.jpg,B005GYSR64.jpg,B00BYFESVM.jpg,B00DMEFORK.jpg,B005GT2DUK.jpg,3TX9T2ZCCOL5JND6UF6NRO31WCTZW5,False,False,False,False,False,False,False,False,True,False,False,False,False,False
B00BDGMRGA.jpg,B006ZKN7UY.jpg,B00D8RZKMU.jpg,B0091QSKHE.jpg,B009D3M86O.jpg,B009OCNXE0.jpg,B006UAPPP4.jpg,B007V0B9UC.jpg,B00DC0XN0O.jpg,B00EEAOUCQ.jpg,B001QCXH4W.jpg,B008AIKMD4.jpg,B005GYSR64.jpg,B007WPHLTE.jpg,B002Z7ETL2.jpg,3CIS7GGG7K3UGOX53SD9OQHMNQAEUG,True,True,True,True,True,True,True,True,True,True,True,True,True,True
B00B3VB34W.jpg,B004S4ZD1K.jpg,B0080646GU.jpg,B00622HIMS.jpg,B007V0B9UC.jpg,B00AODCC9U.jpg,B00A7DWWAQ.jpg,B007WPHLTE.jpg,B002UD5URS.jpg,B00AGC26WM.jpg,B004T6S8ZK.jpg,B006GHAY4S.jpg,B002Z7ETL2.jpg,B005X4RALA.jpg,B008ATH59C.jpg,3566S7OX6S3TYCRXEWPJ7EK8Q6871N,False,True,False,False,False,False,True,False,False,False,False,False,False,False
B00A7Z5MKQ.jpg,B009C6OLCQ.jpg,B0066U2DH6.jpg,B0063TUIB8.jpg,B009D3M86O.jpg,B009OCNXE0.jpg,B009AZRPRM.jpg,B0067IDDF8.jpg,B006GF739E.jpg,B004LKRWRY.jpg,B00BY3GFWE.jpg,B006GHAY4S.jpg,B008ATH59C.jpg,B005X4RALA.jpg,B002Z7ETL2.jpg,3N2YPY1GJLIUT3M58INEKCJ51XJEV5,True,False,False,False,False,False,False,False,False,True,False,False,False,False
